CREATE DATABASE  IF NOT EXISTS `ROTTEN_TOMATO` /*!40100 DEFAULT CHARACTER SET latin1 */;
USE `ROTTEN_TOMATO`;
-- MySQL dump 10.13  Distrib 5.6.13, for osx10.6 (i386)
--
-- Host: 127.0.0.1    Database: ROTTEN_TOMATO
-- ------------------------------------------------------
-- Server version	5.6.17

/*!40101 SET @OLD_CHARACTER_SET_CLIENT=@@CHARACTER_SET_CLIENT */;
/*!40101 SET @OLD_CHARACTER_SET_RESULTS=@@CHARACTER_SET_RESULTS */;
/*!40101 SET @OLD_COLLATION_CONNECTION=@@COLLATION_CONNECTION */;
/*!40101 SET NAMES utf8 */;
/*!40103 SET @OLD_TIME_ZONE=@@TIME_ZONE */;
/*!40103 SET TIME_ZONE='+00:00' */;
/*!40014 SET @OLD_UNIQUE_CHECKS=@@UNIQUE_CHECKS, UNIQUE_CHECKS=0 */;
/*!40014 SET @OLD_FOREIGN_KEY_CHECKS=@@FOREIGN_KEY_CHECKS, FOREIGN_KEY_CHECKS=0 */;
/*!40101 SET @OLD_SQL_MODE=@@SQL_MODE, SQL_MODE='NO_AUTO_VALUE_ON_ZERO' */;
/*!40111 SET @OLD_SQL_NOTES=@@SQL_NOTES, SQL_NOTES=0 */;

--
-- Table structure for table `ACT`
--

DROP TABLE IF EXISTS `ACT`;
/*!40101 SET @saved_cs_client     = @@character_set_client */;
/*!40101 SET character_set_client = utf8 */;
CREATE TABLE `ACT` (
  `MOVIE_IMDB_ID` varchar(20) NOT NULL,
  `ACTOR_IMDB_ID` varchar(20) NOT NULL,
  `ACT_CHARACTER` varchar(30) DEFAULT NULL,
  PRIMARY KEY (`MOVIE_IMDB_ID`,`ACTOR_IMDB_ID`),
  KEY `ACTOR_IMDB_ID` (`ACTOR_IMDB_ID`),
  CONSTRAINT `act_ibfk_1` FOREIGN KEY (`MOVIE_IMDB_ID`) REFERENCES `MOVIE` (`MOVIE_IMDB_ID`),
  CONSTRAINT `act_ibfk_2` FOREIGN KEY (`ACTOR_IMDB_ID`) REFERENCES `ACTOR` (`ACTOR_IMDB_ID`)
) ENGINE=InnoDB DEFAULT CHARSET=latin1;
/*!40101 SET character_set_client = @saved_cs_client */;

--
-- Dumping data for table `ACT`
--

LOCK TABLES `ACT` WRITE;
/*!40000 ALTER TABLE `ACT` DISABLE KEYS */;
INSERT INTO `ACT` VALUES ('tt0137523','nm0000093','Tyler Durden'),('tt0137523','nm0000307','Marla Singer'),('tt0137523','nm0001533','Robert \'Bob\' Paulsen'),('tt0137523','nm0001570','The Narrator'),('tt0137523','nm0028625','Thomas'),('tt0137523','nm0037118','Intern'),('tt0137523','nm0094163','Weeping Woman'),('tt0137523','nm0125653','Inspector Dent'),('tt0137523','nm0127680','Group Leader'),('tt0137523','nm0173257','Speaker'),('tt0137523','nm0188728','Airline Attendant'),('tt0137523','nm0212498','Inspector Bird'),('tt0137523','nm0340260','Richard Chesler'),('tt0137523','nm0536574','Group Leader'),('tt0137523','nm0802019','Chloe'),('tt0332452','nm0000093','Achilles'),('tt0332452','nm0002103','Triopas'),('tt0332452','nm0004051','Agamemnon'),('tt0332452','nm0051509','Hector'),('tt0332452','nm0089217','Paris'),('tt0332452','nm0094297','Hippasus'),('tt0332452','nm0146439','Old Spartan Fisherman'),('tt0332452','nm0322407','Menelaus'),('tt0332452','nm0428923','Boagrius'),('tt0332452','nm0549538','Agamemnon\'s Officer'),('tt0332452','nm0795344','Nestor'),('tt0332452','nm0808559','Messenger Boy'),('tt0332452','nm1208167','Helen'),('tt0332452','nm1595480','Helen\'s Handmaiden'),('tt0332452','nm1595495','Polydora'),('tt0356910','nm0000093','John Smith'),('tt0356910','nm0000681','Eddie'),('tt0356910','nm0001401','Jane Smith'),('tt0356910','nm0111013','Benjamin Danz'),('tt0356910','nm0202966','Father'),('tt0356910','nm0545335','Julie - Associate #1'),('tt0356910','nm0607185','Jade - Associate #2'),('tt0356910','nm0716275','Jessie - Associate #4'),('tt0356910','nm0913488','Jasmine'),('tt0356910','nm0919363','Martin Coleman'),('tt0356910','nm1157358','Gwen'),('tt0356910','nm1596874','Janet - Associate #3'),('tt0356910','nm1764138','Suzy Coleman'),('tt0356910','nm1931382','Guard - Bull'),('tt0356910','nm1944626','Jamie - Associate #5'),('tt0372784','nm0000151','Lucius Fox'),('tt0372784','nm0000198','Jim Gordon'),('tt0372784','nm0000288','Bruce Wayne / Batman'),('tt0372784','nm0000323','Alfred'),('tt0372784','nm0000442','Earle'),('tt0372784','nm0000553','Ducard'),('tt0372784','nm0005017','Rachel Dawes'),('tt0372784','nm0095478','Flass'),('tt0372784','nm0390227','Finch'),('tt0372784','nm0568801','Loeb'),('tt0372784','nm0614165','Dr. Jonathan Crane / Scarecrow'),('tt0372784','nm0614283','Judge Faden'),('tt0372784','nm0730070','Thomas Wayne'),('tt0372784','nm0913822','Ra\'s Al Ghul'),('tt0372784','nm0929489','Carmine Falcone'),('tt0468569','nm0000151','Lucius Fox'),('tt0468569','nm0000198','Gordon'),('tt0468569','nm0000288','Bruce Wayne'),('tt0468569','nm0000323','Alfred'),('tt0468569','nm0000616','Maroni'),('tt0468569','nm0001173','Harvey Dent'),('tt0468569','nm0001309','Mike Engel'),('tt0468569','nm0004801','Mayor'),('tt0468569','nm0005132','Joker'),('tt0468569','nm0182662','Chechen'),('tt0468569','nm0212939','Wuertz'),('tt0468569','nm0350454','Rachel'),('tt0468569','nm0614165','Scarecrow'),('tt0468569','nm1010931','Ramirez'),('tt0468569','nm1977856','Lau'),('tt0478304','nm0000093','Mr. O\'Brien'),('tt0478304','nm0000576','Jack'),('tt0478304','nm0003930','Architect'),('tt0478304','nm0789716','Grandmother'),('tt0478304','nm1567113','Mrs. O\'Brien'),('tt0478304','nm1868038','Mr. Reynolds'),('tt0478304','nm3363413','Harry Bates'),('tt0478304','nm4446467','Steve'),('tt0478304','nm4447472','Young Jack'),('tt0478304','nm4463970','Guide'),('tt0478304','nm4464052','Robert'),('tt0478304','nm4464090','R.L.'),('tt0478304','nm4464659','Jimmy'),('tt0478304','nm4464700','Father Haynes'),('tt0478304','nm4465297','Cayler'),('tt0482571','nm0000288','Alfred Borden'),('tt0482571','nm0000309','Nikola Tesla'),('tt0482571','nm0000323','Cutter'),('tt0482571','nm0005305','Julia McCullough'),('tt0482571','nm0204425','Judge'),('tt0482571','nm0356017','Sarah Borden'),('tt0482571','nm0364807','Sullen Warder'),('tt0482571','nm0413168','Robert Angier'),('tt0482571','nm0424060','Olivia Wenscombe'),('tt0482571','nm0623762','Defender'),('tt0482571','nm0682063','Prosecutor'),('tt0482571','nm0715953','Owens'),('tt0482571','nm0752699','Captain'),('tt0482571','nm0785227','Alley'),('tt0482571','nm2195817','Jess Borden'),('tt0816711','nm0000093','Gerry Lane'),('tt0816711','nm0001556','Ex-CIA Agent'),('tt0816711','nm0001953','W.H.O. Doctor'),('tt0816711','nm0091253','Jurgen Warmbrunn'),('tt0816711','nm0134922','W.H.O. Doctor'),('tt0816711','nm0197647','Captain Speke'),('tt0816711','nm0257969','Karin Lane'),('tt0816711','nm0269419','W.H.O. Doctor'),('tt0816711','nm0289142','Parajumper'),('tt0816711','nm0596350','Thierry Umutoni'),('tt0816711','nm1175468','Andrew Fassbach'),('tt0816711','nm1550948','W.H.O. Doctor'),('tt0816711','nm2020146','Segen'),('tt0816711','nm3606106','Constance Lane'),('tt0816711','nm4228422','Rachel Lane'),('tt1276004','nm0001329','Walter Monkton'),('tt1276004','nm0001919','Queen Mary'),('tt1276004','nm0002081','King Edward VIII'),('tt1276004','nm0339935','Major Edward Metcalfe'),('tt1276004','nm0364576','Wallis Warfield Simpson'),('tt1276004','nm0365248','Speaker of the House of Common'),('tt1276004','nm0367583','Sir John Reith'),('tt1276004','nm0398210','Lord Perry Brownlow'),('tt1276004','nm0522715','George Lambert'),('tt1276004','nm0560056','Aunt Bessie Merryman'),('tt1276004','nm0685694','Winston Churchill'),('tt1276004','nm0712738','Duke of York'),('tt1276004','nm0718481','Duchess of York'),('tt1276004','nm0795344','Major Alexander Hardinge'),('tt1276004','nm0909036','Stanley Baldwin'),('tt1276005','nm0001329','Walter Monkton'),('tt1276005','nm0001919','Queen Mary'),('tt1276005','nm0002081','King Edward VIII'),('tt1276005','nm0007996','Mouth Organist'),('tt1276005','nm0100928','Duff Cooper'),('tt1276005','nm0255026','Osborne'),('tt1276005','nm0281866','Sir Donald Somervell'),('tt1276005','nm0364576','Wallis Warfield Simpson'),('tt1276005','nm0388092','Lady Diana Cooper'),('tt1276005','nm0391783','Stoker Aldridge'),('tt1276005','nm0525966','Geoffrey Dawson'),('tt1276005','nm0560056','Aunt Bessie Merryman'),('tt1276005','nm0712738','Duke of York'),('tt1276005','nm0795344','Major Alexander Hardinge'),('tt1276005','nm0909036','Stanley Baldwin'),('tt1276006','nm0093937','Lt. Clive Russell'),('tt1276006','nm0201696','Captain Hume'),('tt1276006','nm0248844','Hamilton Lovelace'),('tt1276006','nm0402451','Private Kitson'),('tt1276006','nm0561718','Captain Stoughton'),('tt1276006','nm0640147','Colour Sgt. O\'Brien'),('tt1276006','nm0680515','Lt-Col. Whitley'),('tt1276006','nm0731957','Private Thomas'),('tt1276007','nm1560216','Herself'),('tt1276007','nm1560598','Herself'),('tt1276008','nm1560216','Herself'),('tt1276008','nm1560598','Herself'),('tt1276008','nm2674316','Herself'),('tt1276008','nm3110666','Herself'),('tt1276009','nm0425524','Herself'),('tt1276009','nm1560216','Herself'),('tt1276009','nm1560598','Herself'),('tt1276010','nm1446934','Herself'),('tt1276010','nm1560216','Herself'),('tt1276010','nm2393446','Herself'),('tt1276011','nm0002130','Mrs. Chambers'),('tt1276011','nm0102159','Betsy'),('tt1276011','nm0241173','Dale Kettlewell'),('tt1276011','nm0334561','Casey Cartwright'),('tt1276011','nm0828226','Ashleigh Howard'),('tt1276011','nm1218732','Wade'),('tt1276011','nm1416330','Evan Chambers'),('tt1276011','nm1482818','Calvin Owens'),('tt1276011','nm1520988','Frannie Morgan'),('tt1276011','nm1640279','Max Tyler'),('tt1276011','nm1937718','Ben Bennett'),('tt1276011','nm1939016','Rusty Cartwright'),('tt1276011','nm1974920','Cappie'),('tt1276011','nm2115111','Rebecca Logan'),('tt1276011','nm2414202','Heath'),('tt1276013','nm0051625','Harry Hodge'),('tt1276013','nm0071739','Joyce Jowett'),('tt1276013','nm0072611','Bernie Scripps'),('tt1276013','nm0443120','Carol Cassidy'),('tt1276013','nm0519554','David Stockwell'),('tt1276013','nm0568682','PC Joe Mason'),('tt1276013','nm0672297','Gina Bellamy'),('tt1276013','nm0760214','Sally'),('tt1276013','nm0761816','Dawn Bellamy'),('tt1276013','nm0800749','Alf Ventress'),('tt1276013','nm0852438','Peggy Armstrong'),('tt1276013','nm0911945','PC Don Wetherby'),('tt1276013','nm1404569','DS Rachel Dawson'),('tt1276013','nm1812505','Robbie Turner'),('tt1276013','nm1874962','PC Geoff Younger'),('tt1276014','nm0248844','Himself'),('tt1276014','nm0781183','Himself - Presenter'),('tt1276017','nm0180498','Lady Sims'),('tt1276017','nm0219221','Sir Harry Sims'),('tt1276017','nm0781799','Tombes'),('tt1276017','nm0914220','Kate'),('tt1276018','nm0185954','John'),('tt1276018','nm0274880','Inspector'),('tt1276018','nm0690905','Undertaker'),('tt1276018','nm0871731','The voice'),('tt1276018','nm0908322','Margaret'),('tt1276018','nm1093921','Pathologist'),('tt1276019','nm0627492','Brooke'),('tt1276019','nm0726180','Eden'),('tt1276019','nm1058513','Lizzie'),('tt1276019','nm2049561','Connie'),('tt1276021','nm0628761','Elena'),('tt1276021','nm0754992','Gynecologist'),('tt1276021','nm0759819','Serita Singh'),('tt1276021','nm0971043','Darren'),('tt1276021','nm1036353','Herself'),('tt1276021','nm1071770','Kim Sharee'),('tt1276021','nm1092063','McHuntly at 7 Team'),('tt1276021','nm1472288','The Cleaner'),('tt1276021','nm1495426','Aaron'),('tt1276021','nm1599679','Bizzy Trickle'),('tt1276021','nm2094559','Dancer'),('tt1276021','nm2570277','Cafe Customer #2'),('tt1276021','nm2904009','Tom'),('tt1276021','nm3089712','Cafe Customer #1'),('tt1276021','nm3090119','Bizzy\'s Minder'),('tt1276022','nm0084107','Various Characters'),('tt1276022','nm1377114','Various Characters'),('tt1276022','nm1486831',''),('tt1276022','nm1906436','Various'),('tt1276022','nm2292466','Herself'),('tt1276022','nm2394794','Various'),('tt1276024','nm0860117','Narrator'),('tt1276025','nm0860117','Narrator'),('tt1276026','nm0860117','Narrator'),('tt1276027','nm0860117','Narrator'),('tt1276028','nm0860117','Narrator'),('tt1276029','nm0142145','Linda Williams'),('tt1276029','nm0400804','Michael Wilson'),('tt1276029','nm0520467','Kathy Williams'),('tt1276029','nm0858683','Danny Williams'),('tt1276030','nm0142145','Linda Williams'),('tt1276030','nm0175788','Uncle Tonoose'),('tt1276030','nm0340952','Rosey Robbins'),('tt1276030','nm0357608','Rusty Williams'),('tt1276030','nm0359569','Henry Patterson'),('tt1276030','nm0400804','Michael Wilson'),('tt1276030','nm0520467','Kathy Williams'),('tt1276030','nm0578412','Charley Halper'),('tt1276030','nm0858683','Danny Williams'),('tt1276031','nm0070474','Jeff'),('tt1276031','nm0142145','Linda Williams'),('tt1276031','nm0400804','Michael Wilson'),('tt1276031','nm0520467','Kathy Williams'),('tt1276031','nm0858683','Danny Williams'),('tt1276032','nm0142145','Linda Williams'),('tt1276032','nm0400804','Michael Wilson'),('tt1276032','nm0505632','Alvin'),('tt1276032','nm0520467','Kathy Williams'),('tt1276032','nm0702798','Folsom'),('tt1276032','nm0858683','Danny Williams'),('tt1276033','nm0142145','Linda Williams'),('tt1276033','nm0357608','Rusty Williams'),('tt1276033','nm0400804','Michael Wilson'),('tt1276033','nm0520467','Kathy Williams'),('tt1276033','nm0852529','Susan McAdams Williams'),('tt1276033','nm0858683','Danny Williams'),('tt1276033','nm0897141','Delivery Man'),('tt1276034','nm0142145','Linda Williams'),('tt1276034','nm0165574','Student'),('tt1276034','nm0400804','Michael Wilson'),('tt1276034','nm0501185','Peter'),('tt1276034','nm0520467','Kathy Williams'),('tt1276034','nm0858683','Danny Williams'),('tt1276035','nm1940904','Himself - Presenter'),('tt1276036','nm0396713','Himself - Contestant'),('tt1276036','nm0536392','Himself - Presenter'),('tt1276036','nm2064862','Himself - Contestant'),('tt1276036','nm3091201','Himself - Contestant'),('tt1276036','nm3092056','Himself - Contestant'),('tt1276037','nm0173124','Herself'),('tt1276037','nm0288738','Himself'),('tt1276037','nm0894389','Himself'),('tt1276038','nm0091505','Narrator'),('tt1276038','nm0608623','KPS Nair'),('tt1276038','nm0705569','Captain Cerepanov'),('tt1276038','nm1224415','Captain Place'),('tt1276038','nm1533014','Igor Ripp'),('tt1276038','nm1932874','First Office rKahn'),('tt1276038','nm2401804','Frank Zkar'),('tt1276038','nm2576356','Captain Al Shubailey'),('tt1276038','nm2680655','Vishnu Som'),('tt1276038','nm3601794','VK Dutta'),('tt1276038','nm3723774','AK Verma'),('tt1276039','nm0118059','Himself'),('tt1276039','nm0166701','Herself'),('tt1276039','nm0572349','Himself - Host'),('tt1276039','nm1941565','Herself'),('tt1276039','nm2790918','Herself'),('tt1276040','nm1984808','Himself'),('tt1276040','nm1986493','Himself'),('tt1276040','nm1992952','Himself'),('tt1276040','nm1995299','Himself'),('tt1276040','nm1995377','Himself'),('tt1276040','nm3097152','Himself'),('tt1276040','nm3097851','Herself'),('tt1276043','nm1984808','Himself'),('tt1276043','nm1986493','Himself'),('tt1276043','nm1992952','Himself'),('tt1276043','nm1995299','Himself'),('tt1276043','nm3097152','Himself'),('tt1276043','nm3097851','Himself'),('tt1276045','nm2911593','Sakura Minami'),('tt1276045','nm3096614',''),('tt1276052','nm1675233',' Himself - Host'),('tt1276052','nm2260236',' Judge'),('tt1276052','nm2698167',' Herself'),('tt1276052','nm2868463',' Judge'),('tt1276052','nm3810470',' Judge'),('tt1276053','nm0089773','Noah King'),('tt1276053','nm0250722','Lena King'),('tt1276053','nm0334431','Bryce King'),('tt1276053','nm0339333','Saskia Litras'),('tt1276053','nm0637777','Max Hammer'),('tt1276053','nm0971153','Phil Costa'),('tt1276053','nm1143802','Indy'),('tt1276053','nm1638294','Eddie'),('tt1276053','nm1714931','Clive Walsh'),('tt1276053','nm1719803','Big Al'),('tt1276054','nm0001972','Narrator'),('tt1276054','nm0370199','Narrator'),('tt1276055','nm0001972','Narrator'),('tt1276055','nm0370199','Narrator'),('tt1276056','nm0001972','Narrator'),('tt1276056','nm0370199','Narrator'),('tt1276057','nm0001972','Narrator'),('tt1276057','nm0370199','Narrator'),('tt1276058','nm0001972','Narrator'),('tt1276058','nm0370199','Narrator'),('tt1276059','nm0001972','Narrator'),('tt1276059','nm0370199','Narrator'),('tt1276060','nm0001972','Narrator'),('tt1276060','nm0370199','Narrator'),('tt1276061','nm0536364','Himself'),('tt1276061','nm1493168','Herself'),('tt1276061','nm1763182','Himself'),('tt1276061','nm2520265','Himself'),('tt1276062','nm0255780','Himself'),('tt1276062','nm0692927','Himself'),('tt1276063','nm0422710','Himself'),('tt1276063','nm0854418','Himself'),('tt1276063','nm1594403','Himself - Lab Rat'),('tt1276063','nm3446876','Herself - Columnist, New York '),('tt1276063','nm4609234','Himself - Pediatrician'),('tt1276063','nm4611523','Himself - Child'),('tt1276063','nm4612821','Herself - Mother of Abducted C'),('tt1276063','nm4612881','Herself - Mother'),('tt1276063','nm4613682','Herself - Writer'),('tt1276063','nm4617335','Himself - Clinical Psychologis'),('tt1276067','nm0941582','Himself'),('tt1276067','nm1048290','Herself - Presenter'),('tt1276067','nm1975970','Himself'),('tt1276069','nm0012121',''),('tt1276069','nm0030615','Donald Duck'),('tt1276069','nm0197354','Louie Duck'),('tt1276069','nm0253479','Huey Duck'),('tt1276069','nm0781899',''),('tt1276069','nm0815718','Daisy Duck'),('tt1276070','nm0033238','Ernesto Mendiola Chávez'),('tt1276070','nm0162104','Paula Ugarte Solano'),('tt1276070','nm0493521','Lorena de la Cruz'),('tt1276070','nm0815529','Alonso Ugarte Solano'),('tt1276070','nm0871811','Jorge'),('tt1276070','nm1552764','Iván Liñán Mendiola'),('tt1276070','nm4373446','María Eugenia \'Maruja\' Martí'),('tt1276071','nm1114695','Himself'),('tt1276071','nm1301904','Herself - Host'),('tt1276071','nm1740374','Herself'),('tt1276071','nm2787479','Herself'),('tt1276072','nm1611069','Himself - Forensic Artist'),('tt1276072','nm1642779','Himself - Maritime Archaeologi'),('tt1276072','nm2398444','Himself - University of Portsm'),('tt1276072','nm2881390','Himself - Narrator'),('tt1276072','nm3103294','Herself - Osteoarchaeologist'),('tt1276072','nm3103798','Himself - Warbow Archer'),('tt1276072','nm3103808','Himself - Bowyer'),('tt1276072','nm3104253','Herself - Forensic Anthropolog'),('tt1276072','nm3104461','Himself - Mary Rose Diver'),('tt1276072','nm3104627','Himself - Orthopaedic Surgeon'),('tt1276072','nm3104941','Herself - Maritime Archaeologi'),('tt1276072','nm3104990','Herself - Mary Rose Diver'),('tt1276072','nm3105286','Herself - Osteoarchaeologist'),('tt1276072','nm3105752','Himself - Star Gun Company'),('tt1276073','nm0278306','Herself - Presenter'),('tt1276073','nm0534779','Himself - Presenter'),('tt1276073','nm3100313','Himself'),('tt1276074','nm0739175','Himself - Host'),('tt1276074','nm1421782','Himself'),('tt1276074','nm1763173','Himself'),('tt1276074','nm2802299','Himself'),('tt1276074','nm2860238','Himself'),('tt1276074','nm3017728','Himself'),('tt1276074','nm3099746','Himself'),('tt1276074','nm3100066','Himself'),('tt1276075','nm0308248','Puppeteer'),('tt1276075','nm0317129','Puppeteer'),('tt1276075','nm0370199','Lord Chamberlain / Albert Weat'),('tt1276075','nm0738379','King Rufus XIV'),('tt1276075','nm1572895','Queen Caroline'),('tt1276075','nm3101586','Puppeteer'),('tt1276076','nm0308248','Puppeteer'),('tt1276076','nm0317129','Puppeteer'),('tt1276076','nm0370199','Lord Chamberlain / Albert Weat'),('tt1276076','nm0738379','King Rufus XIV'),('tt1276076','nm1572895','Queen Caroline'),('tt1276076','nm3101586','Puppeteer'),('tt1276077','nm0308248','Puppeteer'),('tt1276077','nm0317129','Puppeteer'),('tt1276077','nm0370199',''),('tt1276077','nm0490108','Lord Chancellor'),('tt1276077','nm0738379','King Rufus XIV'),('tt1276077','nm1572895','Queen Caroline'),('tt1276077','nm3101586','Puppeteer'),('tt1276079','nm0111765','Himself'),('tt1276079','nm1546196','Himself'),('tt1276079','nm2292466','Contributor'),('tt1276079','nm2427643','Herself'),('tt1276079','nm2667446','Barry Shitpeas'),('tt1276079','nm2985473','Herself'),('tt1276080','nm0055134',''),('tt1276080','nm0419750',''),('tt1276080','nm0734668',''),('tt1276080','nm0920993',''),('tt1276081','nm0170552',''),('tt1276081','nm0316959',''),('tt1276082','nm0062746',''),('tt1276082','nm0390201',''),('tt1276082','nm0486732',''),('tt1276083','nm0000846',''),('tt1276083','nm0018776',''),('tt1276083','nm0578154',''),('tt1276084','nm0158632','Herself'),('tt1276084','nm0703336',''),('tt1276084','nm3099352','Herself'),('tt1276087','nm0051558','Herself - Contestant'),('tt1276087','nm0132894','Himself - Host'),('tt1276087','nm0275996','Himself - Contestant'),('tt1276087','nm0864729','Herself - Contestant'),('tt1276087','nm0991910','Himself - Contestant'),('tt1276087','nm1302448','Himself - Guest artist'),('tt1276087','nm2078151','Herself - Contestant'),('tt1276087','nm2483866','Herself'),('tt1276087','nm2531672','Himself - Guest artist'),('tt1276087','nm2534213','Himself - Guest artist'),('tt1276087','nm3100050','Himself - Contestant'),('tt1276089','nm1428494','Darren'),('tt1276089','nm2370462',''),('tt1276089','nm3099322','Pam'),('tt1276090','nm0491874','Himself'),('tt1276090','nm0675723','Himself'),('tt1276090','nm0930595','Himself'),('tt1276092','nm1550590','Herself'),('tt1276092','nm1682285','Himself'),('tt1276093','nm1682285','Himself'),('tt1276094','nm0406991','Herself - Host'),('tt1276094','nm2020887','Himself'),('tt1276094','nm2195964','Himself'),('tt1276094','nm2783914','Himself'),('tt1276094','nm2832465','Himself'),('tt1276095','nm0730967','Herself'),('tt1276095','nm1886746','Announcer'),('tt1276095','nm3073387','Himself - Host'),('tt1276096','nm0000967','Victor Newman'),('tt1276096','nm0004872','Brad Carlton'),('tt1276096','nm0143261','Sharon Abbott'),('tt1276096','nm0152420','Gloria Bardwell'),('tt1276096','nm0178137','Katherine Chancellor'),('tt1276096','nm0203301','Paul Williams'),('tt1276096','nm0257346','Adam Wilson'),('tt1276096','nm0291785','Amber Moore'),('tt1276096','nm0323773','Cane Ashby'),('tt1276096','nm0374416','Victoria Newman'),('tt1276096','nm0565971','Devon Hamilton'),('tt1276096','nm1058513','Chloe Mitchell'),('tt1276096','nm1616668','Daniel Romalotti'),('tt1276096','nm2357552','Heather Stevens'),('tt1276096','nm6117010','Jack Abbott'),('tt1276097','nm0000967','Victor Newman'),('tt1276097','nm0143261','Sharon Abbott'),('tt1276097','nm0203301','Paul Williams'),('tt1276097','nm0257346','Adam Wilson'),('tt1276097','nm0374416','Victoria Newman Hellstrom'),('tt1276097','nm0495672','Michael Baldwin'),('tt1276097','nm0511721','Esther Valentine'),('tt1276097','nm0524745','J.T. Hellstrom'),('tt1276097','nm0607510','Nicholas Newman'),('tt1276097','nm0773056','Noah Newman'),('tt1276097','nm0779567','Nikki Newman'),('tt1276097','nm2224588','Bodyguard'),('tt1276097','nm2357552','Heather Stevens'),('tt1276097','nm3010041','Bar Guest'),('tt1276097','nm6117010','Jack Abbott'),('tt1276099','nm0790702','Herself'),('tt1276099','nm1296355','Himself'),('tt1276099','nm1475635','Himself - Host'),('tt1276099','nm1817597','Herself'),('tt1276099','nm2182994','Himself'),('tt1276099','nm2233157','Herself'),('tt1276099','nm2257689','Herself'),('tt1276099','nm2382371','Himself'),('tt1276099','nm2426694','Herself'),('tt1276099','nm2475029','Himself as Musical Guest'),('tt1276099','nm3121798','Himself'),('tt1276099','nm3127571','Themselves'),('tt1276099','nm3127649','Herself'),('tt1276099','nm3127740','Himself'),('tt1276099','nm3128299','Himself'),('tt1276101','nm2275927','Will Bonney'),('tt1276101','nm2723932','Abraham Steinway'),('tt1276101','nm2778589','Ted Calhoun'),('tt1276101','nm2905410','Jonathan Tibney'),('tt1276101','nm2905497','Brian Parker'),('tt1276101','nm2909650','Joe Olvery'),('tt1276101','nm2910152','Lieutenant Burton'),('tt1276101','nm3097137','Buddy Buford'),('tt1276101','nm3116458','The Masseuse'),('tt1276101','nm3117751','Crystal Fitzgerald'),('tt1276101','nm3117794','Ivan Shaw'),('tt1276101','nm3127452','Officer John Lowell'),('tt1276101','nm3127905','Bay Police Officer'),('tt1276101','nm3130012','Bay Police Officer'),('tt1276101','nm3130037','Bay Police Officer'),('tt1276104','nm0000246','Old Joe'),('tt1276104','nm0001099','Abe'),('tt1276104','nm0005305','Suzie'),('tt1276104','nm0107285','Old Seth'),('tt1276104','nm0200452','Seth'),('tt1276104','nm0226813','Jesse'),('tt1276104','nm0327063','Dale'),('tt1276104','nm0330687','Joe'),('tt1276104','nm0381681','Zach'),('tt1276104','nm0781913','Kid Blue'),('tt1276104','nm0944647','Old Joe\'s Wife'),('tt1276104','nm1139632','Beatrix'),('tt1276104','nm1208510','Gat Man'),('tt1276104','nm1289434','Sara'),('tt1276104','nm3163952','Cid'),('tt1276105','nm0000114','John'),('tt1276105','nm0001803','Bismarck'),('tt1276105','nm0003639','Truck Stop Owner'),('tt1276105','nm0004825','Tasty D Lite'),('tt1276105','nm0077595','Manager'),('tt1276105','nm0158626','Smitty'),('tt1276105','nm0227759','Mr. Townsend'),('tt1276105','nm0267124','Pennie'),('tt1276105','nm0539082','Virgil'),('tt1276105','nm0568339','Lucypher'),('tt1276105','nm0625789','Militant Ned'),('tt1276105','nm0798971','Jill'),('tt1276105','nm1591725','Mordicai'),('tt1276105','nm1883803','Park Ranger'),('tt1276105','nm2114049','Ticket Taker'),('tt1276106','nm0000575','Katherine'),('tt1276106','nm0185980','James Morrison'),('tt1276106','nm0227055','Ron'),('tt1276106','nm0300277','Uncle Tony'),('tt1276106','nm0344010','Florence'),('tt1276106','nm0696395','Jane'),('tt1276106','nm0876003','Eric'),('tt1276106','nm0926336','Jim'),('tt1276106','nm1393956','Goldie'),('tt1276106','nm2332723','Chuck'),('tt1276106','nm2569470','Angie'),('tt1276106','nm2944712','Claire'),('tt1276106','nm3067755','David Porter'),('tt1276106','nm3126834','Security Guard'),('tt1276106','nm5302392','Tall Detective'),('tt1276107','nm0002604','Massey'),('tt1276107','nm0005357','Hal Gore'),('tt1276107','nm0016687','Mrs. Bessler'),('tt1276107','nm0949996','Nigel'),('tt1276107','nm1197118','Bar Patron'),('tt1276107','nm1197529','Zach'),('tt1276107','nm1268888','Ben'),('tt1276107','nm1274586','Overton'),('tt1276107','nm1945568','Thunderstorm'),('tt1276107','nm2093382','Kyle'),('tt1276107','nm2163489','Young Heather'),('tt1276107','nm2576486','Earthchild / Heather'),('tt1276107','nm2950078','Lyle'),('tt1276107','nm3775364','Young Ben'),('tt1276107','nm3776409','Young Zach'),('tt1276108','nm1603592','Nick'),('tt1276108','nm1675809','Kate'),('tt1276109','nm0071957','Jesse'),('tt1276109','nm1755882','Lieutenant Johnson'),('tt1276109','nm3100747','Grace Lanning'),('tt1276109','nm3101045','Lieutenant Howe'),('tt1276110','nm0001357','Charlie'),('tt1276110','nm0006355','Roly'),('tt1276110','nm0049882','Bucking Horse Rider'),('tt1276110','nm0263149','Mac'),('tt1276110','nm0358427','Tristan'),('tt1276110','nm0447992','Miles Waitress'),('tt1276110','nm0499660','Bowls Lady'),('tt1276110','nm0679714','Female Truckie'),('tt1276110','nm0807959','Strawberry Lady'),('tt1276110','nm0932969','Rodeo Worker 1'),('tt1276110','nm2037879','Boots'),('tt1276110','nm2075518','Gunbar Waitress'),('tt1276110','nm2515564','Jess'),('tt1276110','nm3438486','Graeme\'s Wife'),('tt1276110','nm3466196','Rodeo Clown'),('tt1276117','nm0005396',''),('tt1276117','nm0005518',''),('tt1276117','nm0065169',''),('tt1276117','nm0093734',''),('tt1276117','nm0094495',''),('tt1276117','nm0123604',''),('tt1276117','nm0424118',''),('tt1276117','nm0525567',''),('tt1276117','nm0570884',''),('tt1276117','nm0805298',''),('tt1276117','nm1151396',''),('tt1276117','nm1324954',''),('tt1276117','nm1351849',''),('tt1276117','nm1655043',''),('tt1276117','nm1899109',''),('tt1276118','nm0994092','Himself'),('tt1276118','nm1135813','Himself'),('tt1276118','nm1658264','Himself'),('tt1276118','nm2234403','Herself'),('tt1276118','nm2515790','Himself'),('tt1276118','nm2534672','Herself'),('tt1276118','nm3100592','Herself'),('tt1276118','nm3100901','Himself'),('tt1276118','nm3100947','Himself'),('tt1276118','nm3100952','Himself'),('tt1276118','nm3101009','Himself'),('tt1276118','nm3101116','Himself'),('tt1276118','nm3101166','Herself'),('tt1276118','nm3101240','Himself'),('tt1276118','nm3101248','Herself'),('tt1276121','nm0784007','Hun Sen - Prime Minister'),('tt1276121','nm1497128','Narrator'),('tt1276121','nm3100542','Chea Vichea - Union President'),('tt1276121','nm3101136','Born Samnang - Suspect'),('tt1276121','nm3101209','Sam Rainsy - Opposition Party '),('tt1276121','nm3101210','Sok Sam Oeun - Suspect'),('tt1276124','nm0000105','Herself'),('tt1276124','nm0163863','Himself - Host'),('tt1276124','nm0204389','Himself'),('tt1276125','nm0000105','Herself'),('tt1276125','nm0163863','Himself - Host'),('tt1276125','nm0204389','Himself'),('tt1276126','nm0000105','Herself'),('tt1276126','nm0163863','Himself - Host'),('tt1276126','nm0204389','Himself'),('tt1276127','nm0000105','Herself'),('tt1276127','nm0163863','Himself - Host'),('tt1276127','nm0268286','Himself'),('tt1276128','nm0000105','Herself'),('tt1276128','nm0163863','Himself - Host'),('tt1276128','nm0268286','Himself'),('tt1276129','nm0000105','Herself'),('tt1276129','nm0163863','Himself - Host'),('tt1276129','nm0268286','Himself'),('tt1276130','nm0000105','Herself'),('tt1276130','nm0163863','Himself - Host'),('tt1276130','nm0268286','Himself'),('tt1276131','nm0000105','Herself'),('tt1276131','nm0163863','Himself - Host'),('tt1276131','nm0268286','Himself'),('tt1276132','nm0000105','Herself'),('tt1276132','nm0147118','Himself'),('tt1276132','nm0163863','Himself - Host'),('tt1276133','nm0000105','Herself'),('tt1276133','nm0147118','Himself'),('tt1276133','nm0163863','Himself - Host'),('tt1276134','nm0000105','Herself'),('tt1276134','nm0147118','Himself'),('tt1276134','nm0163863','Himself - Host'),('tt1276135','nm0000105','Herself'),('tt1276135','nm0147118','Himself'),('tt1276135','nm0163863','Himself - Host'),('tt1276136','nm0000105','Herself'),('tt1276136','nm0147118','Himself'),('tt1276136','nm0163863','Himself - Host'),('tt1276137','nm0000105','Herself'),('tt1276137','nm0163863','Himself - Host'),('tt1276137','nm0536781','Himself'),('tt1276138','nm0000105','Herself'),('tt1276138','nm0163863','Himself - Host'),('tt1276138','nm0536781','Himself'),('tt1276139','nm0000105','Herself'),('tt1276139','nm0163863','Himself - Host'),('tt1276139','nm0536781','Himself'),('tt1276140','nm0000105','Herself'),('tt1276140','nm0163863','Himself - Host'),('tt1276140','nm0536781','Himself'),('tt1276141','nm0000105','Herself'),('tt1276141','nm0163863','Himself - Host'),('tt1276141','nm0268286','Himself'),('tt1276142','nm0000105','Herself'),('tt1276142','nm0163863','Himself - Host'),('tt1276142','nm0268286','Himself'),('tt1276143','nm0000105','Herself'),('tt1276143','nm0163863','Himself - Host'),('tt1276143','nm0268286','Himself'),('tt1276144','nm0000105','Herself'),('tt1276144','nm0163863','Himself - Host'),('tt1276144','nm0268286','Himself'),('tt1276145','nm0000105','Herself'),('tt1276145','nm0163863','Himself - Host'),('tt1276145','nm0268286','Himself'),('tt1276146','nm0000105','Herself'),('tt1276146','nm0163863','Himself - Host'),('tt1276146','nm0758130','Himself'),('tt1276147','nm0000105','Herself'),('tt1276147','nm0163863','Himself - Host'),('tt1276147','nm0758130','Himself'),('tt1276148','nm0000105','Herself'),('tt1276148','nm0163863','Himself - Host'),('tt1276148','nm0758130','Himself'),('tt1276149','nm0000105','Herself'),('tt1276149','nm0163863','Himself - Host'),('tt1276149','nm0758130','Himself'),('tt1276150','nm0000105','Herself'),('tt1276150','nm0163863','Himself - Host'),('tt1276150','nm0758130','Himself'),('tt1276155','nm0000105','Herself - Host'),('tt1276155','nm0250377','Himself - Host'),('tt1276156','nm0000105','Herself - Host'),('tt1276156','nm0250377','Himself - Host'),('tt1276157','nm0000105','Herself - Host'),('tt1276157','nm0250377','Himself - Host'),('tt1276158','nm0000105','Herself - Host'),('tt1276158','nm0250377','Himself - Host'),('tt1276159','nm0000105','Herself - Host'),('tt1276159','nm0250377','Himself - Host'),('tt1276160','nm0327097','Herself'),('tt1276160','nm0583515','Himself'),('tt1276160','nm1939267','Himself'),('tt1276161','nm0336607','Emily Edwards'),('tt1276161','nm0490202','Bob Edwards'),('tt1276161','nm0572224','Doctor'),('tt1276161','nm0606998','Bill Pierce'),('tt1276161','nm0834320','Rita Crossley'),('tt1276162','nm0043889','Max Venner'),('tt1276162','nm0292235','Ethel Henton'),('tt1276162','nm0355567','Mrs. Venner'),('tt1276162','nm0485771','Balford'),('tt1276162','nm0533367','Sybill Venner'),('tt1276162','nm0606998','Bill Pierce'),('tt1276162','nm0873755','Dorothy Trent'),('tt1276162','nm1047467','Sheila'),('tt1276163','nm0036031','Owen Carrigan'),('tt1276163','nm0205284','Linde'),('tt1276163','nm0581674','Jack Gault'),('tt1276163','nm0606998','Bill Pierce'),('tt1276163','nm0731092','Lawrence Dunn'),('tt1276163','nm0824490','Harry'),('tt1276163','nm1084427','Federson'),('tt1276164','nm0185057','Anna Marie'),('tt1276164','nm0428787','Mrs. Seddon'),('tt1276164','nm0485771','Balford'),('tt1276164','nm0572224','Doctor'),('tt1276164','nm0606998','Bill Pierce'),('tt1276164','nm0656447','Mrs. Blaker'),('tt1276164','nm0938028','Ed'),('tt1276164','nm1015915','Ronnie'),('tt1276165','nm0225620','Edna Mainey'),('tt1276165','nm0424320','Gillian Thane'),('tt1276165','nm0483394','Leslie Greville'),('tt1276165','nm0552533','Tom Mainey'),('tt1276165','nm0568262','Elsa Garland'),('tt1276165','nm0606998','Bill Pierce'),('tt1276165','nm0706518','Inspector Wyatt'),('tt1276165','nm0706858','Denis Conway'),('tt1276166','nm0331566','Mrs. Lowey'),('tt1276166','nm0397128','Chris Greneker'),('tt1276166','nm0499315','Mrs. Egan'),('tt1276166','nm0519338','Roger Egan'),('tt1276166','nm0572224','Doctor'),('tt1276166','nm0606998','Bill Pierce'),('tt1276166','nm0706518','Inspector Wyatt'),('tt1276166','nm0885676','Max Egan'),('tt1276167','nm0019996','Crowley'),('tt1276167','nm0026741','Myra'),('tt1276167','nm0034013','Dinehart'),('tt1276167','nm0606998','Bill Pierce'),('tt1276167','nm0785702','Rigaud'),('tt1276168','nm0606998','Bill Pierce'),('tt1276169','nm0026741','Carla'),('tt1276169','nm0146819','Portman'),('tt1276169','nm0323851','Grantley'),('tt1276169','nm0533961','Hiller'),('tt1276169','nm0606998','Bill Pierce'),('tt1276169','nm0619440','Tyler'),('tt1276169','nm0640249','Willard'),('tt1276169','nm0706518','Inspector Wyatt'),('tt1276170','nm0189166','Dr. Dennett'),('tt1276170','nm0440661','Benison'),('tt1276170','nm0550204','Debra Dennett'),('tt1276170','nm0606998','Bill Pierce'),('tt1276170','nm0610302','Greenward'),('tt1276170','nm0632888','Terry Calendar'),('tt1276170','nm0793270','Kegley'),('tt1276171','nm0493020','Sally'),('tt1276171','nm0560789','Mrs. Morgan'),('tt1276171','nm0606998','Bill Pierce'),('tt1276171','nm0706518','Inspector Wyatt'),('tt1276171','nm0706858','Lennie'),('tt1276171','nm0834074','Farnsworth'),('tt1276171','nm0896019','Don Stevens'),('tt1276171','nm0912447','Jack'),('tt1276171','nm1047467','Sheila'),('tt1276171','nm3434785','Betty'),('tt1276172','nm0021662','Ann Wilson'),('tt1276172','nm0043889','Valadon'),('tt1276172','nm0606998','Bill Pierce'),('tt1276172','nm0677440','Martin'),('tt1276172','nm0706518','Inspector Wyatt'),('tt1276172','nm0832325','Kingsley'),('tt1276172','nm0861381','Apsley'),('tt1276173','nm0057277','Tom Lomas'),('tt1276173','nm0068038','Dr. Reginald Flint'),('tt1276173','nm0485771','Balford'),('tt1276173','nm0550204','Mrs. Lomas'),('tt1276173','nm0606998','Bill Pierce'),('tt1276173','nm0717457','James Rawlins'),('tt1276173','nm0761851','Arthur Cable'),('tt1276173','nm0786074','Dr. George Lomas'),('tt1276174','nm0017358','José Luis Salmerón'),('tt1276174','nm0050139','Lucía Martí'),('tt1276174','nm0276769','Eva Agustín'),('tt1276174','nm0673144','Enrique Cobos \'Triki\''),('tt1276174','nm1015349','Miguel Ruiz'),('tt1276174','nm1035930','Tomás \'Turbo\' Illera'),('tt1276174','nm1050811','Jero Ruiz'),('tt1276174','nm1123309','Claudia Salas'),('tt1276174','nm1206701','Ángela Illera'),('tt1276174','nm1242894','Álex Agustín'),('tt1276174','nm1258235','Jaime Salmerón'),('tt1276174','nm1291743','Jorge Durán'),('tt1276174','nm1296496','Agustín Salmerón'),('tt1276174','nm1344126','Hugo Garbisu'),('tt1276174','nm1388327','Begoña'),('tt1276175','nm0073162','Tião'),('tt1276175','nm0148195','Glauco'),('tt1276175','nm0162535','Ed'),('tt1276175','nm0239098','Simone'),('tt1276175','nm0241663','Bóia'),('tt1276175','nm0271282','Detinha'),('tt1276175','nm0300902','Júnior'),('tt1276175','nm0347272','Nina'),('tt1276175','nm0618690','Carreirinha'),('tt1276175','nm0655945','Creuza'),('tt1276175','nm0670639','Tony'),('tt1276175','nm0781115','Sol'),('tt1276175','nm0868100','Haydée'),('tt1276175','nm0944543','Raíssa'),('tt1276175','nm1143788','May'),('tt1276176','nm0073162','Tião'),('tt1276176','nm0148195','Glauco'),('tt1276176','nm0162535','Ed'),('tt1276176','nm0239098','Simone'),('tt1276176','nm0241663','Bóia'),('tt1276176','nm0260300','Irene'),('tt1276176','nm0271282','Detinha'),('tt1276176','nm0300902','Júnior'),('tt1276176','nm0347272','Nina'),('tt1276176','nm0618690','Carreirinha'),('tt1276176','nm0655945','Creuza'),('tt1276176','nm0740856','Dinho'),('tt1276176','nm0781115','Sol'),('tt1276176','nm0868100','Haydée'),('tt1276176','nm0944543','Raíssa'),('tt1276177','nm0073162','Tião'),('tt1276177','nm0162535','Ed'),('tt1276177','nm0267941','Neto'),('tt1276177','nm0296602','Jatobá'),('tt1276177','nm0300902','Júnior'),('tt1276177','nm0347272','Nina'),('tt1276177','nm0425052','Waldomiro'),('tt1276177','nm0618690','Carreirinha'),('tt1276177','nm0636800','Geninho'),('tt1276177','nm0740856','Dinho'),('tt1276177','nm0781115','Sol'),('tt1276177','nm0819324','Helô'),('tt1276177','nm0868100','Haydée'),('tt1276177','nm0944543','Raíssa'),('tt1276177','nm1143788','May'),('tt1276178','nm0044974','Nick'),('tt1276178','nm0073162','Tião'),('tt1276178','nm0162535','Ed'),('tt1276178','nm0241663','Bóia'),('tt1276178','nm0296602','Jatobá'),('tt1276178','nm0347272','Nina'),('tt1276178','nm0618690','Carreirinha'),('tt1276178','nm0636800','Geninho'),('tt1276178','nm0670639','Tony'),('tt1276178','nm0740856','Dinho'),('tt1276178','nm0781115','Sol'),('tt1276178','nm0868100','Haydée'),('tt1276178','nm0944543','Raíssa'),('tt1276178','nm1143788','May'),('tt1276178','nm1355166','Feitosa'),('tt1276179','nm0073162','Tião'),('tt1276179','nm0148195','Glauco'),('tt1276179','nm0241663','Bóia'),('tt1276179','nm0267941','Neto'),('tt1276179','nm0347272','Nina'),('tt1276179','nm0618690','Carreirinha'),('tt1276179','nm0636800','Geninho'),('tt1276179','nm0655945','Creuza'),('tt1276179','nm0670639','Tony'),('tt1276179','nm0740856','Dinho'),('tt1276179','nm0781115','Sol'),('tt1276179','nm0819324','Helô'),('tt1276179','nm0868100','Haydée'),('tt1276179','nm0944543','Raíssa'),('tt1276179','nm1143788','May'),('tt1276180','nm0073162','Tião'),('tt1276180','nm0162535','Ed'),('tt1276180','nm0239098','Simone'),('tt1276180','nm0260300','Irene'),('tt1276180','nm0296602','Jatobá'),('tt1276180','nm0300902','Júnior'),('tt1276180','nm0311125','Hélio'),('tt1276180','nm0347272','Nina'),('tt1276180','nm0670639','Tony'),('tt1276180','nm0740856','Dinho'),('tt1276180','nm0781115','Sol'),('tt1276180','nm0868100','Haydée'),('tt1276180','nm0944543','Raíssa'),('tt1276180','nm1143788','May'),('tt1276180','nm1355166','Feitosa'),('tt1276181','nm0073162','Tião'),('tt1276181','nm0096589','Diva'),('tt1276181','nm0106585','Gomes'),('tt1276181','nm0148195','Glauco'),('tt1276181','nm0239098','Simone'),('tt1276181','nm0271282','Detinha'),('tt1276181','nm0300902','Júnior'),('tt1276181','nm0347272','Nina'),('tt1276181','nm0425052','Waldomiro'),('tt1276181','nm0655945','Creuza'),('tt1276181','nm0670639','Tony'),('tt1276181','nm0819324','Helô'),('tt1276181','nm0868100','Haydée'),('tt1276181','nm1143788','May'),('tt1276181','nm1355166','Feitosa'),('tt1276182','nm0073162','Tião'),('tt1276182','nm0148195','Glauco'),('tt1276182','nm0162535','Ed'),('tt1276182','nm0239098','Simone'),('tt1276182','nm0241663','Bóia'),('tt1276182','nm0271282','Detinha'),('tt1276182','nm0347272','Nina'),('tt1276182','nm0618690','Carreirinha'),('tt1276182','nm0655945','Creuza'),('tt1276182','nm0670639','Tony'),('tt1276182','nm0740856','Dinho'),('tt1276182','nm0781115','Sol'),('tt1276182','nm0868100','Haydée'),('tt1276182','nm0944543','Raíssa'),('tt1276182','nm1143788','May'),('tt1276183','nm0073162','Tião'),('tt1276183','nm0094426','Jota'),('tt1276183','nm0106585','Gomes'),('tt1276183','nm0117773','Maria Elis'),('tt1276183','nm0133320','Mercedes'),('tt1276183','nm0192504','Zé Higino'),('tt1276183','nm0239098','Simone'),('tt1276183','nm0271282','Detinha'),('tt1276183','nm0290560','Guta'),('tt1276183','nm0636800','Geninho'),('tt1276183','nm0781115','Sol'),('tt1276183','nm0868100','Haydée'),('tt1276183','nm0944543','Raíssa'),('tt1276183','nm1143788','May'),('tt1276183','nm1194542','Concheta'),('tt1276184','nm0073162','Tião'),('tt1276184','nm0162535','Ed'),('tt1276184','nm0239098','Simone'),('tt1276184','nm0260300','Irene'),('tt1276184','nm0267941','Neto'),('tt1276184','nm0296602','Jatobá'),('tt1276184','nm0300902','Júnior'),('tt1276184','nm0347272','Nina'),('tt1276184','nm0425052','Waldomiro'),('tt1276184','nm0461785','Inezita'),('tt1276184','nm0781115','Sol'),('tt1276184','nm0819324','Helô'),('tt1276184','nm0868100','Haydée'),('tt1276184','nm0944543','Raíssa'),('tt1276184','nm1143788','May'),('tt1276185','nm0073162','Tião'),('tt1276185','nm0094426','Jota'),('tt1276185','nm0096589','Diva'),('tt1276185','nm0148195','Glauco'),('tt1276185','nm0162535','Ed'),('tt1276185','nm0239098','Simone'),('tt1276185','nm0241663','Bóia'),('tt1276185','nm0347272','Nina'),('tt1276185','nm0618690','Carreirinha'),('tt1276185','nm0670639','Tony'),('tt1276185','nm0740856','Dinho'),('tt1276185','nm0781115','Sol'),('tt1276185','nm0868100','Haydée'),('tt1276185','nm0944543','Raíssa'),('tt1276185','nm1143788','May'),('tt1276186','nm0073162','Tião'),('tt1276186','nm0148195','Glauco'),('tt1276186','nm0162535','Ed'),('tt1276186','nm0241663','Bóia'),('tt1276186','nm0267941','Neto'),('tt1276186','nm0347272','Nina'),('tt1276186','nm0425052','Waldomiro'),('tt1276186','nm0461785','Inezita'),('tt1276186','nm0618690','Carreirinha'),('tt1276186','nm0670639','Tony'),('tt1276186','nm0740856','Dinho'),('tt1276186','nm0781115','Sol'),('tt1276186','nm0819324','Helô'),('tt1276186','nm0944543','Raíssa'),('tt1276186','nm1143788','May'),('tt1276187','nm0073162','Tião'),('tt1276187','nm0148195','Glauco'),('tt1276187','nm0162535','Ed'),('tt1276187','nm0239098','Simone'),('tt1276187','nm0267941','Neto'),('tt1276187','nm0425052','Waldomiro'),('tt1276187','nm0461785','Inezita'),('tt1276187','nm0618690','Carreirinha'),('tt1276187','nm0670639','Tony'),('tt1276187','nm0740856','Dinho'),('tt1276187','nm0781115','Sol'),('tt1276187','nm0819324','Helô'),('tt1276187','nm0868100','Haydée'),('tt1276187','nm0944543','Raíssa'),('tt1276187','nm1143788','May'),('tt1276188','nm1285113','Olympic Athlete'),('tt1276191','nm0000559','Himself - Host'),('tt1276191','nm2229622','Himself - Professor of Anthrop'),('tt1276191','nm2970145','Himself - Professor of Near Ea'),('tt1276191','nm4627784','Himself - Professor of Archaeo'),('tt1276191','nm4630092','Herself - Assistant Director, '),('tt1276191','nm4648858','Himself - Associate Professor '),('tt1276191','nm4654409','Herself - Associate Professor '),('tt1276193','nm3005544','The Angry Video Game Nerd'),('tt1276193','nm3006224','The Joker'),('tt1276194','nm0351568','Himself - Host'),('tt1276194','nm1192272','Herself - Judge'),('tt1276194','nm1234216','Himself - Judge'),('tt1276194','nm1468038','Himself - Judge'),('tt1276194','nm1468325','Himself - Host'),('tt1276194','nm1703171','Herself - Host'),('tt1276195','nm0352456','Himself'),('tt1276195','nm1661726','Himself'),('tt1276195','nm1716574','Himself'),('tt1276195','nm1739847','Himself'),('tt1276195','nm1754032','Herself'),('tt1276195','nm1754137','Herself'),('tt1276195','nm1822225','Himself'),('tt1276195','nm2055379','Himself'),('tt1276195','nm2288010','Herself'),('tt1276195','nm2925939','Himself'),('tt1276195','nm3116922','Himself'),('tt1276195','nm3173692','Herself'),('tt1276195','nm3173826','Herself'),('tt1276195','nm6573242','Herself'),('tt1276195','nm6581752','Herself'),('tt1276196','nm0023514','Joana'),('tt1276196','nm0130554','Eduardo'),('tt1276196','nm0148195','Guilherme'),('tt1276196','nm0267360','Robson'),('tt1276196','nm0274222','Norma'),('tt1276196','nm0551631','Helena'),('tt1276196','nm0554047','Renato'),('tt1276196','nm0688982','Ivete'),('tt1276196','nm0712375','Débora'),('tt1276196','nm1149945','José Henrique'),('tt1276196','nm1303983','Fernanda'),('tt1276196','nm1365217','Sheila'),('tt1276196','nm1532606','Raul'),('tt1276196','nm1866161','Luiza'),('tt1276196','nm2238342','Rakelli'),('tt1276197','nm0023514','Joana'),('tt1276197','nm0130554','Eduardo'),('tt1276197','nm0148195','Guilherme'),('tt1276197','nm0267360','Robson'),('tt1276197','nm0274222','Norma'),('tt1276197','nm0551631','Helena'),('tt1276197','nm0554047','Renato'),('tt1276197','nm0688982','Ivete'),('tt1276197','nm0712375','Débora'),('tt1276197','nm1149945','José Henrique'),('tt1276197','nm1303983','Fernanda'),('tt1276197','nm1365217','Sheila'),('tt1276197','nm1463711','Suzy'),('tt1276197','nm1532606','Raul'),('tt1276197','nm2238342','Rakelli'),('tt1276198','nm0002956','Himself'),('tt1276198','nm0316449','Himself'),('tt1276198','nm0316465','Himself'),('tt1276198','nm0316471','Himself'),('tt1276198','nm0584566','Herself'),('tt1276198','nm3220845','Narrator'),('tt1276199','nm0150030','Herself'),('tt1276199','nm0178088','Himself'),('tt1276199','nm0291596','Herself'),('tt1276199','nm0399647','Himself'),('tt1276199','nm0823505','Himself'),('tt1276199','nm0937369','Himself - Presenter'),('tt1276199','nm1005771','Herself'),('tt1276201','nm0000114','Enoch \'Nucky\' Thompson'),('tt1276201','nm0001056','Commodore Louis Kaestner'),('tt1276201','nm0031246','Johnny Torrio'),('tt1276201','nm0209289','Lucy Danziger'),('tt1276201','nm0334318','Al Capone'),('tt1276201','nm0480086','Eddie Kessler'),('tt1276201','nm0531808','Margaret Schroeder'),('tt1276201','nm0657760','Angela Darmody'),('tt1276201','nm0685856','James \'Jimmy\' Darmody'),('tt1276201','nm0788335','Nelson Van Alden'),('tt1276201','nm0817027','Mickey Doyle'),('tt1276201','nm0836121','Arnold Rothstein'),('tt1276201','nm0924154','Elias \'Eli\' Thompson'),('tt1276201','nm0931324','Chalky White'),('tt1276201','nm1842344','Lucky Luciano'),('tt1276202','nm0002036','Schultzy'),('tt1276202','nm0191950','Bob Collins'),('tt1276202','nm0213619','Margaret MacDonald'),('tt1276202','nm0256216',''),('tt1276202','nm0382722','Chuck MacDonald'),('tt1276202','nm0566939',''),('tt1276202','nm0836346','Carol Henning'),('tt1276203','nm0099271','Himself - Presenter'),('tt1276203','nm0779781','Herself - Presenter'),('tt1276203','nm1004156','Himself - Cookery Expert'),('tt1276203','nm1005521','Himself - Astrologer'),('tt1276203','nm1005771','Herself - Fitness Expert'),('tt1276203','nm1079801','Himself - Sports Presenter'),('tt1276203','nm1268743','Himself - Newsreader'),('tt1276203','nm1338040','Himself - Weather Presenter'),('tt1276204','nm0099271','Himself - Presenter'),('tt1276204','nm0779781','Herself - Presenter'),('tt1276204','nm1002361','Himself'),('tt1276204','nm1004156','Himself - Cookery Expert'),('tt1276204','nm1005521','Himself - Astrologer'),('tt1276204','nm1005771','Herself - Fitness Expert'),('tt1276204','nm1079801','Himself - Sports Presenter'),('tt1276204','nm1338040','Himself - Weather Presenter'),('tt1276204','nm1589287','Herself'),('tt1345836','nm0000151','Fox'),('tt1345836','nm0000198','Commissioner Gordon'),('tt1345836','nm0000288','Bruce Wayne'),('tt1345836','nm0000323','Alfred'),('tt1345836','nm0000546','Foley'),('tt1345836','nm0004266','Selina'),('tt1345836','nm0009530','Dr. Pavel'),('tt1345836','nm0182839','Miranda'),('tt1345836','nm0318821','CIA Op'),('tt1345836','nm0330687','Blake'),('tt1345836','nm0362766','Bane'),('tt1345836','nm0578853','Daggett'),('tt1345836','nm0839326','Captain Jones'),('tt1345836','nm1218607','Stryver'),('tt1345836','nm1404145','Special Ops Sergeant'),('tt1375666','nm0000138','Cobb'),('tt1375666','nm0000297','Browning'),('tt1375666','nm0000323','Miles'),('tt1375666','nm0000592','Maurice Fischer'),('tt1375666','nm0001305','Nash'),('tt1375666','nm0182839','Mal'),('tt1375666','nm0330687','Arthur'),('tt1375666','nm0362766','Eames'),('tt1375666','nm0614165','Robert Fischer'),('tt1375666','nm0680983','Ariadne'),('tt1375666','nm0913822','Saito'),('tt1375666','nm2438307','Yusuf'),('tt1375666','nm2581730','Tadashi'),('tt1375666','nm3637500','Phillipa'),('tt1375666','nm3960408','James'),('tt1587310','nm0001401','Maleficent'),('tt1587310','nm0001767','Knotgrass'),('tt1587310','nm0186469','King Henry'),('tt1587310','nm0282332','Princess Leila\'s Handmaiden'),('tt1587310','nm0544334','Flittle'),('tt1587310','nm0727165','Diaval'),('tt1587310','nm1017334','Thistletwit'),('tt1587310','nm1102577','Aurora'),('tt1587310','nm1663205','Stefan'),('tt1587310','nm3480246','Teen Maleficent'),('tt1587310','nm4026222','Princess Leila'),('tt1587310','nm4154798','Prince Phillip'),('tt1587310','nm4747398','Young Stefan'),('tt1587310','nm4797104','Teen Stefan'),('tt1587310','nm5985215','Young Maleficent'),('tt1628040','nm0000300','Sandra Brody'),('tt1628040','nm0000657','Admiral William Stenz'),('tt1628040','nm0186505','Joe Brody'),('tt1628040','nm0429114','Captain Russell Hampton'),('tt1628040','nm0647634','Elle Brody'),('tt1628040','nm0711559','Sergeant Tre Morales'),('tt1628040','nm0913822','Dr. Ishiro Serizawa'),('tt1628040','nm1020089','Vivienne Graham'),('tt1628040','nm1093951','Ford Brody'),('tt1628040','nm1150775','Lieutenant Commander Marcus Wa'),('tt1628040','nm1742119','Jump Master'),('tt1628040','nm2101229','HALO Jumper'),('tt1628040','nm2640264','Young Ford'),('tt1628040','nm3395766','Sam Brody'),('tt1628040','nm3526638','Bomb Tracker'),('tt1790864','nm0165101','Ava Paige'),('tt1790864','nm0573134','Masked Man'),('tt1790864','nm1032473','Newt'),('tt1790864','nm1146265','Ben'),('tt1790864','nm1543989','Alby'),('tt1790864','nm1601104','Winston'),('tt1790864','nm2401020','Gally'),('tt1790864','nm2546012','Teresa'),('tt1790864','nm2766708','Frypan'),('tt1790864','nm3632976','Jeff'),('tt1790864','nm3729721','Thomas'),('tt1790864','nm3859624','Minho'),('tt1790864','nm3966184','Zart'),('tt1790864','nm4776586','Clint'),('tt1790864','nm4948500','Chuck'),('tt1872194','nm0000352','Glen Palmer'),('tt1872194','nm0000375','Hank Palmer'),('tt1872194','nm0000380','Joseph Palmer'),('tt1872194','nm0000671','Dwight Dickham'),('tt1872194','nm0001267','Deputy Hanson'),('tt1872194','nm0267812','Samantha Powell'),('tt1872194','nm0397432','Judge Warren'),('tt1872194','nm0472710','Mike Kattan'),('tt1872194','nm0484178','Lisa Palmer'),('tt1872194','nm0641354','Doc Morris'),('tt1872194','nm0834989','Dale Palmer'),('tt1872194','nm0951471','Mrs. Blackwell'),('tt1872194','nm1009277','C.P. Kennedy'),('tt1872194','nm1015262','Carla Powell'),('tt1872194','nm4590173','Lauren Palmer'),('tt1877832','nm0000932','Storm'),('tt1877832','nm0001593','Rogue'),('tt1877832','nm0039162','Bobby / Iceman'),('tt1877832','nm0227759','Dr. Bolivar Trask'),('tt1877832','nm0396558','Hank / Beast'),('tt1877832','nm0413168','Logan / Wolverine'),('tt1877832','nm0564215','Charles Xavier'),('tt1877832','nm0680983','Kitty Pryde'),('tt1877832','nm1055413','Erik Lehnsherr'),('tt1877832','nm1082477','Bishop'),('tt1877832','nm1214436','Colossus'),('tt1877832','nm1404239','Peter / Quicksilver'),('tt1877832','nm1549063','Blink'),('tt1877832','nm2225369','Raven / Mystique'),('tt1877832','nm2890541','Maj. Bill Stryker'),('tt1951264','nm0000437','Haymitch Abernathy'),('tt1951264','nm0000661','President Snow'),('tt1951264','nm0001804','Caesar Flickerman'),('tt1951264','nm0005107','Cinna'),('tt1951264','nm0006969','Effie Trinket'),('tt1951264','nm0038458','Flavius'),('tt1951264','nm0480808','Greasy Sae'),('tt1951264','nm0539155','Katniss\' Mother'),('tt1951264','nm1193262','Ripper'),('tt1951264','nm1242688','Peeta Mellark'),('tt1951264','nm2225369','Katniss Everdeen'),('tt1951264','nm2955013','Gale Hawthorne'),('tt1951264','nm3094377','Primrose Everdeen'),('tt1951264','nm4190172','Octavia'),('tt1951264','nm4425051','Marvel'),('tt1951265','nm0000194','President Alma Coin'),('tt1951265','nm0000437','Haymitch Abernathy'),('tt1951265','nm0000450','Plutarch Heavensbee'),('tt1951265','nm0000661','President Snow'),('tt1951265','nm0001804','Caesar Flickerman'),('tt1951265','nm0006969','Effie Trinket'),('tt1951265','nm0539155','Katniss\' Mother'),('tt1951265','nm0540441','Johanna Mason'),('tt1951265','nm0942482','Beetee'),('tt1951265','nm0991810','Boggs'),('tt1951265','nm1242688','Peeta Mellark'),('tt1951265','nm2225369','Katniss Everdeen'),('tt1951265','nm2955013','Gale Hawthorne'),('tt1951265','nm3094377','Primrose Everdeen'),('tt1951265','nm3510471','Finnick Odair'),('tt2015381','nm0000335','Nova Prime'),('tt2015381','nm0000604','Corpsman Dey'),('tt2015381','nm0001125','The Collector'),('tt2015381','nm0004874','Groot'),('tt2015381','nm0005023','Korath'),('tt2015381','nm0177896','Rocket'),('tt2015381','nm0348231','Kraglin / On Set Rocket'),('tt2015381','nm0695435','Peter Quill'),('tt2015381','nm0740264','Yondu Udonta'),('tt2015381','nm0757855','Gamora'),('tt2015381','nm0784818','Denarian Saal'),('tt2015381','nm1176985','Drax'),('tt2015381','nm1195855','Ronan'),('tt2015381','nm2394794','Nebula'),('tt2015381','nm2652095','Meredith Quill'),('tt2024544','nm0061262','Judge Turner'),('tt2024544','nm0077512','Burch'),('tt2024544','nm0131966','Radburn'),('tt2024544','nm0252230','Solomon Northup'),('tt2024544','nm0453115','Hamilton'),('tt2024544','nm0779427','Anne Northup'),('tt2024544','nm1058940','Brown'),('tt2024544','nm1591232','Mr. Moon'),('tt2024544','nm1663252','Clemens'),('tt2024544','nm1788122','Anna'),('tt2024544','nm4832920','Margaret Northup'),('tt2024544','nm4833412','Uncle Abram'),('tt2024544','nm5244012','Alonzo Northup'),('tt2024544','nm6003176','Overseer'),('tt2024544','nm6003177','Randall'),('tt2084970','nm0001097','Commander Denniston'),('tt2084970','nm0063914','Peter Hilton'),('tt2084970','nm0328828','Hugh Alexander'),('tt2084970','nm0329259','Sergeant Staehl'),('tt2084970','nm0461136','Joan Clarke'),('tt2084970','nm0835016','Stewart Menzies'),('tt2084970','nm0850526','Charles Richards'),('tt2084970','nm0905357','Superintendent Smith'),('tt2084970','nm1212722','Alan Turing'),('tt2084970','nm1239499','Detective Robert Nock'),('tt2084970','nm1395602','John Cairncross'),('tt2084970','nm1827142','Christopher Morcom'),('tt2084970','nm3095562','Helen'),('tt2084970','nm3485153','Jack Good'),('tt2084970','nm3867299','Young Alan Turing'),('tt2140383','nm0000139','Annie'),('tt2140383','nm0000507','Hank'),('tt2140383','nm0269542','Max'),('tt2140383','nm0501802','Linda'),('tt2140383','nm0781981','Jay'),('tt2140383','nm1117791','Robby'),('tt2140383','nm1225333','Walt'),('tt2140383','nm1320827','Edward'),('tt2140383','nm1369571','Piper Bros. Executive'),('tt2140383','nm2608689','Tess'),('tt2140383','nm3157856','Marta'),('tt2140383','nm4174653','Howard'),('tt2140383','nm4271711','Clive'),('tt2140383','nm4437821','Charlie'),('tt2140383','nm5338034','Nell'),('tt2170439','nm0000098','Dr. Julia Harris, D.D.S.'),('tt2170439','nm0000228','Dave Harken'),('tt2170439','nm0000867','Nick Hendricks'),('tt2170439','nm0004937','Dean \"MF\" Jones'),('tt2170439','nm0005441','Stacy Arbus'),('tt2170439','nm0052186','Detective Hatcher'),('tt2170439','nm0206359','Dale Arbus'),('tt2170439','nm0837177','Kurt Buckman'),('tt2170439','nm0910607','Bert Hanson'),('tt2170439','nm1208801','Skip'),('tt2170439','nm1221047','Mike'),('tt2170439','nm1261587','Rachel'),('tt2170439','nm1517976','Rex Hanson'),('tt2170439','nm3526370','Candy'),('tt2170439','nm3931538','Producer'),('tt2190984','nm0000244','Tuya'),('tt2190984','nm0000288','Moses'),('tt2190984','nm0001216','Miriam'),('tt2190984','nm0001426','Nun'),('tt2190984','nm0001806','Seti'),('tt2190984','nm0007814','Bithiah'),('tt2190984','nm0249291','Rhamses'),('tt2190984','nm0267042','Nefertari'),('tt2190984','nm0578853','Hegep'),('tt2190984','nm0666739','Joshua'),('tt2190984','nm0890055','High Priestess'),('tt2190984','nm1482999','Séfora'),('tt2190984','nm1502469','Commander Khyan'),('tt2190984','nm2047170',''),('tt2190984','nm5750580','Egyptian Civilian'),('tt2193215','nm0000093','Westray'),('tt2193215','nm0000139','Malkina'),('tt2193215','nm0000849','Reiner'),('tt2193215','nm0001609','Ruth'),('tt2193215','nm0004486','Diamond Dealer'),('tt2193215','nm0004851','Laura'),('tt2193215','nm0390486','Truck Driver #2'),('tt2193215','nm0420219','Waitress'),('tt2193215','nm1055413','Counselor'),('tt2193215','nm1259158','Malkina\'s Bodyguard'),('tt2193215','nm3342825','Watching Girl'),('tt2193215','nm3450051','Young Biker'),('tt2193215','nm3520393','Barman'),('tt2193215','nm3727971','Highway Patrolman'),('tt2193215','nm6053309','Truck Driver #1'),('tt2209764','nm0000136','Will Caster'),('tt2209764','nm0000151','Joseph Tagger'),('tt2209764','nm0004286','Martin'),('tt2209764','nm0075359','Dr. Thomas Casey'),('tt2209764','nm0079273','Max Waters'),('tt2209764','nm0157312','Heng'),('tt2209764','nm0356017','Evelyn Caster'),('tt2209764','nm0362484','Joel Edmund'),('tt2209764','nm0366890','Roger'),('tt2209764','nm0369513','Colonel Stevens'),('tt2209764','nm0544718','Bree'),('tt2209764','nm0614165','Agent Buchanan'),('tt2209764','nm1571804','Bob'),('tt2209764','nm1577637','Paul'),('tt2209764','nm2071088','Chiu'),('tt2245084','nm0000342','Robert Callaghan'),('tt2245084','nm0012523','Baymax'),('tt2245084','nm0072344','General'),('tt2245084','nm0314870','Desk Sergeant'),('tt2245084','nm0748973','Cass'),('tt2245084','nm0876138','Alistair Krei'),('tt2245084','nm0915458','Wasabi'),('tt2245084','nm1129362','Newscaster'),('tt2245084','nm1270009','Honey Lemon'),('tt2245084','nm1512166','Go Go'),('tt2245084','nm1705090','Abigail'),('tt2245084','nm2024644','Tadashi'),('tt2245084','nm2128363','Yama'),('tt2245084','nm2554352','Fred'),('tt2245084','nm3994407','Hiro'),('tt2294629','nm0001354','Pabbie / Grandpa'),('tt2294629','nm0005606','King'),('tt2294629','nm0027459','Kai'),('tt2294629','nm0068338','Anna'),('tt2294629','nm0566052','Gerda'),('tt2294629','nm0579953','Elsa'),('tt2294629','nm0683986','Bishop'),('tt2294629','nm0876138','Duke'),('tt2294629','nm0930261','Oaken'),('tt2294629','nm1265802','Olaf'),('tt2294629','nm2676147','Kristoff'),('tt2294629','nm2949014','Hans'),('tt2294629','nm4181314','Young Elsa'),('tt2294629','nm5597831','Young Anna'),('tt2294629','nm6104921','Bulda'),('tt2372162','nm0000550',' Galina \'Red\' Reznikov'),('tt2372162','nm0004755',' Larry Bloom'),('tt2372162','nm0005169',' Nicky Nichols'),('tt2372162','nm0193160',' Wanda Bell'),('tt2372162','nm0216466',' Big Boo'),('tt2372162','nm0288659',' Sister Jane Ingalls'),('tt2372162','nm0307534',' Scott O\'Neill'),('tt2372162','nm0325390',' Norma Romano'),('tt2372162','nm0363669',' Sam Healy'),('tt2372162','nm0508139',' Gloria Mendoza'),('tt2372162','nm0543383',' Tiffany \'Pennsatucky\' Dogget'),('tt2372162','nm0696059',' Alex Vause'),('tt2372162','nm0735300',' Aleida Diaz'),('tt2372162','nm0762191',' Joe Caputo'),('tt2372162','nm0767233',' Gina Murphy'),('tt2372162','nm0795723',' Yoga Jones'),('tt2372162','nm0832227',' Lorna Morello'),('tt2372162','nm1032567',' George \'Pornstache\' Mendez'),('tt2372162','nm1209545',' Sophia Burset'),('tt2372162','nm1478791',' Maria Ruiz'),('tt2372162','nm1787501',' Leanne Taylor'),('tt2372162','nm1978694',' Polly Harper'),('tt2372162','nm2204806',' Eliqua Maxwell'),('tt2372162','nm2279940',' Piper Chapman'),('tt2372162','nm2487152',' Janae Watson'),('tt2372162','nm2499064',' Suzanne \'Crazy Eyes\' Warren'),('tt2372162','nm2791093',' John Bennett'),('tt2372162','nm3117320',' Flaca Gonzales'),('tt2372162','nm3166754',' Cindy Hayes'),('tt2372162','nm4058898',' Maritza Ramos'),('tt2372162','nm4148126',' Poussey Washington'),('tt2372162','nm4524984',' Angie Rice'),('tt2372162','nm4745601',' Dayanara Diaz'),('tt2372162','nm5335029',' Tasha \'Taystee\' Jefferson'),('tt2713180','nm0000093','Don \'Wardaddy\' Collier'),('tt2713180','nm0005042','Captain Waggoner'),('tt2713180','nm0079418','Burgermeister'),('tt2713180','nm0377034','Sergeant Davis'),('tt2713180','nm0479471','Boyd \'Bible\' Swan'),('tt2713180','nm0503567','Norman Ellison'),('tt2713180','nm0671567','Trini \'Gordo\' Garcia'),('tt2713180','nm1256532','Grady \'Coon-Ass\' Travis'),('tt2713180','nm1671512','Irma'),('tt2713180','nm1736605','Sergeant Dillard'),('tt2713180','nm1747924','Sergeant Binkowski'),('tt2713180','nm1882152','Lieutenant Parker'),('tt2713180','nm2207222','Sergeant Miles'),('tt2713180','nm2736690','Emma'),('tt2713180','nm5244059','Sergeant Peterson'),('tt2872732','nm0000151','Professor Norman'),('tt2872732','nm0158856','Mr. Jang'),('tt2872732','nm0424060','Lucy'),('tt2872732','nm0688577','Professor'),('tt2872732','nm0722279','The Limey'),('tt2872732','nm0906756','Pierre Del Rio'),('tt2872732','nm0997388','Drug Addict'),('tt2872732','nm1561982','Richard'),('tt2872732','nm1678527','Italian Mule'),('tt2872732','nm1851604','German Mule'),('tt2872732','nm3006818','Caroline'),('tt2872732','nm3908468','Professor'),('tt2872732','nm4256860','Professor'),('tt2872732','nm5958824','Jii'),('tt2872732','nm6325575','Professor');
/*!40000 ALTER TABLE `ACT` ENABLE KEYS */;
UNLOCK TABLES;

--
-- Table structure for table `ACTOR`
--

DROP TABLE IF EXISTS `ACTOR`;
/*!40101 SET @saved_cs_client     = @@character_set_client */;
/*!40101 SET character_set_client = utf8 */;
CREATE TABLE `ACTOR` (
  `ACTOR_IMDB_ID` varchar(20) NOT NULL,
  `ACTOR_NAME` varchar(30) NOT NULL,
  `PHOTO` varchar(200) DEFAULT NULL,
  `PROFILE` varchar(100) DEFAULT NULL,
  PRIMARY KEY (`ACTOR_IMDB_ID`)
) ENGINE=InnoDB DEFAULT CHARSET=latin1;
/*!40101 SET character_set_client = @saved_cs_client */;

--
-- Dumping data for table `ACTOR`
--

LOCK TABLES `ACTOR` WRITE;
/*!40000 ALTER TABLE `ACTOR` DISABLE KEYS */;
INSERT INTO `ACTOR` VALUES ('nm0000093','Brad Pitt','http://ia.media-imdb.com/images/M/MV5BMjA1MjE2MTQ2MV5BMl5BanBnXkFtZTcwMjE5MDY0Nw@@._V1_SX32_CR0,0,32,44_AL_.jpg','http://www.imdb.com/name/nm0000093'),('nm0000098','Jennifer Aniston','http://ia.media-imdb.com/images/M/MV5BNjk1MjIxNjUxNF5BMl5BanBnXkFtZTcwODk2NzM4Mg@@._V1_SX32_CR0,0,32,44_AL_.jpg','http://www.imdb.com/name/nm0000098'),('nm0000105','Adrienne Barbeau','http://ia.media-imdb.com/images/M/MV5BMTAyMzY5NjU0NTheQTJeQWpwZ15BbWU3MDA1MzcxOTU@._V1_SX32_CR0,0,32,44_AL_.jpg','http://www.imdb.com/name/nm0000105'),('nm0000108','Luc Besson',NULL,NULL),('nm0000114','Steve Buscemi','http://ia.media-imdb.com/images/M/MV5BODc0NTU3NDA4M15BMl5BanBnXkFtZTcwNDkxNzQxNA@@._V1_SY44_CR0,0,32,44_AL_.jpg','http://www.imdb.com/name/nm0000114'),('nm0000124','Jennifer Connelly','http://ia.media-imdb.com/images/M/MV5BOTczNTgzODYyMF5BMl5BanBnXkFtZTcwNjk4ODk4Mw@@._V1_SY44_CR0,0,32,44_AL_.jpg','http://www.imdb.com/name/nm0000124'),('nm0000128','Russell Crowe','http://ia.media-imdb.com/images/M/MV5BMTQyMTExNTMxOF5BMl5BanBnXkFtZTcwNDg1NzkzNw@@._V1_SX32_CR0,0,32,44_AL_.jpg','http://www.imdb.com/name/nm0000128'),('nm0000136','Johnny Depp','http://ia.media-imdb.com/images/M/MV5BMTM0ODU5Nzk2OV5BMl5BanBnXkFtZTcwMzI2ODgyNQ@@._V1_SX32_CR0,0,32,44_AL_.jpg','http://www.imdb.com/name/nm0000136'),('nm0000138','Leonardo DiCaprio','http://ia.media-imdb.com/images/M/MV5BMjI0MTg3MzI0M15BMl5BanBnXkFtZTcwMzQyODU2Mw@@._V1_SY44_CR0,0,32,44_AL_.jpg','http://www.imdb.com/name/nm0000138'),('nm0000139','Cameron Diaz','http://ia.media-imdb.com/images/M/MV5BMTkxNTI5NzM4MV5BMl5BanBnXkFtZTcwMTI3ODY3Mg@@._V1_SX32_CR0,0,32,44_AL_.jpg','http://www.imdb.com/name/nm0000139'),('nm0000151','Morgan Freeman','http://ia.media-imdb.com/images/M/MV5BMTc0MDMyMzI2OF5BMl5BanBnXkFtZTcwMzM2OTk1MQ@@._V1_SX32_CR0,0,32,44_AL_.jpg','http://www.imdb.com/name/nm0000151'),('nm0000164','Anthony Hopkins','http://ia.media-imdb.com/images/M/MV5BMTg5ODk1NTc5Ml5BMl5BanBnXkFtZTYwMjAwOTI4._V1_SX32_CR0,0,32,44_AL_.jpg','http://www.imdb.com/name/nm0000164'),('nm0000194','Julianne Moore','http://ia.media-imdb.com/images/M/MV5BMTM5NDI1MjE2Ml5BMl5BanBnXkFtZTgwNDE0Nzk0MDE@._V1_SX32_CR0,0,32,44_AL_.jpg','http://www.imdb.com/name/nm0000194'),('nm0000198','Gary Oldman','http://ia.media-imdb.com/images/M/MV5BMTc3NTM4MzQ5MV5BMl5BanBnXkFtZTcwOTE4MDczNw@@._V1_SX32_CR0,0,32,44_AL_.jpg','http://www.imdb.com/name/nm0000198'),('nm0000217','Martin Scorsese',NULL,NULL),('nm0000228','Kevin Spacey','http://ia.media-imdb.com/images/M/MV5BMTUwMjQ3NDA0Ml5BMl5BanBnXkFtZTcwMjU2MDk3OQ@@._V1_SY44_CR0,0,32,44_AL_.jpg','http://www.imdb.com/name/nm0000228'),('nm0000244','Sigourney Weaver','http://ia.media-imdb.com/images/M/MV5BMTk1MTcyNTE3OV5BMl5BanBnXkFtZTcwMTA0MTMyMw@@._V1_SY44_CR0,0,32,44_AL_.jpg','http://www.imdb.com/name/nm0000244'),('nm0000246','Bruce Willis','http://ia.media-imdb.com/images/M/MV5BMjA0MjMzMTE5OF5BMl5BanBnXkFtZTcwMzQ2ODE3Mw@@._V1_SY44_CR2,0,32,44_AL_.jpg','http://www.imdb.com/name/nm0000246'),('nm0000288','Christian Bale','http://ia.media-imdb.com/images/M/MV5BMTkxMzk4MjQ4MF5BMl5BanBnXkFtZTcwMzExODQxOA@@._V1_SX32_CR0,0,32,44_AL_.jpg','http://www.imdb.com/name/nm0000288'),('nm0000297','Tom Berenger','http://ia.media-imdb.com/images/M/MV5BMTYzOTQ5NjIwOV5BMl5BanBnXkFtZTgwNDc5MjkxMDE@._V1_SX32_CR0,0,32,44_AL_.jpg','http://www.imdb.com/name/nm0000297'),('nm0000300','Juliette Binoche','http://ia.media-imdb.com/images/M/MV5BMTUzMzI4MDQ5Nl5BMl5BanBnXkFtZTYwOTQ5NTc0._V1_SX32_CR0,0,32,44_AL_.jpg','http://www.imdb.com/name/nm0000300'),('nm0000307','Helena Bonham Carter','http://ia.media-imdb.com/images/M/MV5BMTUzMzUzMDg5MV5BMl5BanBnXkFtZTcwMDA5NDMwNA@@._V1_SX32_CR0,0,32,44_AL_.jpg','http://www.imdb.com/name/nm0000307'),('nm0000309','David Bowie','http://ia.media-imdb.com/images/M/MV5BMTQ4NTE3MTYzOF5BMl5BanBnXkFtZTcwNDM4OTcyMg@@._V1_SX32_CR0,0,32,44_AL_.jpg','http://www.imdb.com/name/nm0000309'),('nm0000323','Michael Caine','http://ia.media-imdb.com/images/M/MV5BMjAwNzIwNTQ4Ml5BMl5BanBnXkFtZTYwMzE1MTUz._V1_SX32_CR0,0,32,44_AL_.jpg','http://www.imdb.com/name/nm0000323'),('nm0000335','Glenn Close','http://ia.media-imdb.com/images/M/MV5BMTEwNDk5MTU2NTNeQTJeQWpwZ15BbWU3MDczNjEzMTM@._V1_SY44_CR0,0,32,44_AL_.jpg','http://www.imdb.com/name/nm0000335'),('nm0000342','James Cromwell','http://ia.media-imdb.com/images/M/MV5BNzU1NTEzMzMxM15BMl5BanBnXkFtZTgwMzY0MjAzMTE@._V1_SX32_CR0,0,32,44_AL_.jpg','http://www.imdb.com/name/nm0000342'),('nm0000352','Vincent D\'Onofrio','http://ia.media-imdb.com/images/M/MV5BMTk0NTE2MDkzNF5BMl5BanBnXkFtZTYwODUzMjcz._V1_SX32_CR0,0,32,44_AL_.jpg','http://www.imdb.com/name/nm0000352'),('nm0000375','Robert Downey Jr.','http://ia.media-imdb.com/images/M/MV5BMTAwNjk2NTUyMzleQTJeQWpwZ15BbWU3MDQ2NzQzMTc@._V1_SX32_CR0,0,32,44_AL_.jpg','http://www.imdb.com/name/nm0000375'),('nm0000380','Robert Duvall','http://ia.media-imdb.com/images/M/MV5BMjk1MjA2Mjc2MF5BMl5BanBnXkFtZTcwOTE4MTUwMg@@._V1_SX32_CR0,0,32,44_AL_.jpg','http://www.imdb.com/name/nm0000380'),('nm0000399','David Fincher',NULL,NULL),('nm0000437','Woody Harrelson','http://ia.media-imdb.com/images/M/MV5BMTU3NDc2ODc4MF5BMl5BanBnXkFtZTcwODk2MzAyMg@@._V1_SX32_CR0,0,32,44_AL_.jpg','http://www.imdb.com/name/nm0000437'),('nm0000442','Rutger Hauer','http://ia.media-imdb.com/images/M/MV5BMTg4NDAyMjYxM15BMl5BanBnXkFtZTcwNDA0MTg1Ng@@._V1_SX32_CR0,0,32,44_AL_.jpg','http://www.imdb.com/name/nm0000442'),('nm0000450','Philip Seymour Hoffman','http://ia.media-imdb.com/images/M/MV5BMTQ0NTA1NTg3Ml5BMl5BanBnXkFtZTcwNzkxNzgxNw@@._V1_SX32_CR0,0,32,44_AL_.jpg','http://www.imdb.com/name/nm0000450'),('nm0000507','Rob Lowe','http://ia.media-imdb.com/images/M/MV5BNDY2NjYxMDY0MF5BMl5BanBnXkFtZTcwMDc3MTMwNw@@._V1_SX32_CR0,0,32,44_AL_.jpg','http://www.imdb.com/name/nm0000507'),('nm0000517','Terrence Malick',NULL,NULL),('nm0000546','Matthew Modine','http://ia.media-imdb.com/images/M/MV5BODg3NTg2ODA5M15BMl5BanBnXkFtZTgwNDMwMjgxMzE@._V1_SX32_CR0,0,32,44_AL_.jpg','http://www.imdb.com/name/nm0000546'),('nm0000550','Kate Mulgrew','http://ia.media-imdb.com/images/M/MV5BOTY1MTc3MjcyNl5BMl5BanBnXkFtZTcwMDg4MDAwMg@@._V1_SY44_CR0,0,32,44_AL_.jpg','http://www.imdb.com/name/nm0000550'),('nm0000553','Liam Neeson','http://ia.media-imdb.com/images/M/MV5BMjA1MTQ3NzU1MV5BMl5BanBnXkFtZTgwMDE3Mjg0MzE@._V1_SY44_CR6,0,32,44_AL_.jpg','http://www.imdb.com/name/nm0000553'),('nm0000559','Leonard Nimoy','http://ia.media-imdb.com/images/M/MV5BMTIzMzY1MzEyNV5BMl5BanBnXkFtZTYwNjU4MTg1._V1_SY44_CR0,0,32,44_AL_.jpg','http://www.imdb.com/name/nm0000559'),('nm0000560','Nick Nolte','http://ia.media-imdb.com/images/M/MV5BMTU1ODAzMDk3Ml5BMl5BanBnXkFtZTYwOTEzMzE0._V1_SX32_CR0,0,32,44_AL_.jpg','http://www.imdb.com/name/nm0000560'),('nm0000575','Alexandra Paul','http://ia.media-imdb.com/images/M/MV5BMjAxNjMyODQ4OF5BMl5BanBnXkFtZTgwOTM2NTA0MTE@._V1_SY44_CR1,0,32,44_AL_.jpg','http://www.imdb.com/name/nm0000575'),('nm0000576','Sean Penn','http://ia.media-imdb.com/images/M/MV5BMTc1NjMzMjY3NF5BMl5BanBnXkFtZTcwMzkxNjQzMg@@._V1_SX32_CR0,0,32,44_AL_.jpg','http://www.imdb.com/name/nm0000576'),('nm0000583','Wolfgang Petersen',NULL,NULL),('nm0000592','Pete Postlethwaite','http://ia.media-imdb.com/images/M/MV5BMTMyMjIxMTQ2NV5BMl5BanBnXkFtZTYwNDQ0NTE1._V1_SX32_CR0,0,32,44_AL_.jpg','http://www.imdb.com/name/nm0000592'),('nm0000604','John C. Reilly','http://ia.media-imdb.com/images/M/MV5BMTc4MDEzMDkzOF5BMl5BanBnXkFtZTYwNzQzNzcy._V1_SY44_CR3,0,32,44_AL_.jpg','http://www.imdb.com/name/nm0000604'),('nm0000616','Eric Roberts','http://ia.media-imdb.com/images/M/MV5BMTQ2MTk3OTgwM15BMl5BanBnXkFtZTcwODE1OTIwMw@@._V1_SX32_CR0,0,32,44_AL_.jpg','http://www.imdb.com/name/nm0000616'),('nm0000617','Tanya Roberts','http://ia.media-imdb.com/images/M/MV5BMTQ3MTE4Mjg0NF5BMl5BanBnXkFtZTYwMDc1OTQ1._V1_SX32_CR0,0,32,44_AL_.jpg','http://www.imdb.com/name/nm0000617'),('nm0000631','Ridley Scott',NULL,NULL),('nm0000657','David Strathairn','http://ia.media-imdb.com/images/M/MV5BMTI2ODM1MjY1NF5BMl5BanBnXkFtZTcwOTAxNTgyMQ@@._V1_SY44_CR14,0,32,44_AL_.jpg','http://www.imdb.com/name/nm0000657'),('nm0000661','Donald Sutherland','http://ia.media-imdb.com/images/M/MV5BMTc0MDI1NzcyMl5BMl5BanBnXkFtZTcwOTk0MjQwOQ@@._V1_SY44_CR1,0,32,44_AL_.jpg','http://www.imdb.com/name/nm0000661'),('nm0000671','Billy Bob Thornton','http://ia.media-imdb.com/images/M/MV5BMTcxOTUwMDI0OF5BMl5BanBnXkFtZTcwNjIyNzkzNw@@._V1_SX32_CR0,0,32,44_AL_.jpg','http://www.imdb.com/name/nm0000671'),('nm0000681','Vince Vaughn','http://ia.media-imdb.com/images/M/MV5BMTQ1MDA0MzE0MF5BMl5BanBnXkFtZTYwOTUzOTI4._V1_SX32_CR0,0,32,44_AL_.jpg','http://www.imdb.com/name/nm0000681'),('nm0000846','Ian Bannen','http://ia.media-imdb.com/images/M/MV5BMTI4NDQyMDU4NF5BMl5BanBnXkFtZTYwMTk3OTU3._V1_SY44_CR16,0,32,44_AL_.jpg','http://www.imdb.com/name/nm0000846'),('nm0000849','Javier Bardem','http://ia.media-imdb.com/images/M/MV5BMTY1NTc4NTYzMF5BMl5BanBnXkFtZTcwNDIwOTY1NA@@._V1_SX32_CR0,0,32,44_AL_.jpg','http://www.imdb.com/name/nm0000849'),('nm0000867','Jason Bateman','http://ia.media-imdb.com/images/M/MV5BMTMwOTQ0MDUyNF5BMl5BanBnXkFtZTcwNTQ1MzY1Mw@@._V1_SY44_CR1,0,32,44_AL_.jpg','http://www.imdb.com/name/nm0000867'),('nm0000932','Halle Berry','http://ia.media-imdb.com/images/M/MV5BMjIxNzc5MDAzOV5BMl5BanBnXkFtZTcwMDUxMjMxMw@@._V1_SY44_CR0,0,32,44_AL_.jpg','http://www.imdb.com/name/nm0000932'),('nm0000967','Eric Braeden','http://ia.media-imdb.com/images/M/MV5BMjIwNDE2MTU4NF5BMl5BanBnXkFtZTcwMDg4OTMwOA@@._V1_SY44_CR2,0,32,44_AL_.jpg','http://www.imdb.com/name/nm0000967'),('nm0001056','Dabney Coleman','http://ia.media-imdb.com/images/M/MV5BMTU5MjMxOTQyNV5BMl5BanBnXkFtZTYwNDQ3Mjg1._V1_SY44_CR1,0,32,44_AL_.jpg','http://www.imdb.com/name/nm0001056'),('nm0001097','Charles Dance','http://ia.media-imdb.com/images/M/MV5BMzY0Mjg4MzM0Ml5BMl5BanBnXkFtZTcwODc4NTIxNw@@._V1_SY44_CR0,0,32,44_AL_.jpg','http://www.imdb.com/name/nm0001097'),('nm0001099','Jeff Daniels','http://ia.media-imdb.com/images/M/MV5BODA3MDI4NDcxNV5BMl5BanBnXkFtZTYwOTgyMzY1._V1_SX32_CR0,0,32,44_AL_.jpg','http://www.imdb.com/name/nm0001099'),('nm0001125','Benicio Del Toro','http://ia.media-imdb.com/images/M/MV5BMTkzODQ4NzU1N15BMl5BanBnXkFtZTcwOTUzMzc5Mg@@._V1_SY44_CR0,0,32,44_AL_.jpg','http://www.imdb.com/name/nm0001125'),('nm0001173','Aaron Eckhart','http://ia.media-imdb.com/images/M/MV5BMTc4MTAyNzMzNF5BMl5BanBnXkFtZTcwMzQ5MzQzMg@@._V1_SX32_CR0,0,32,44_AL_.jpg','http://www.imdb.com/name/nm0001173'),('nm0001216','Tara Fitzgerald','http://ia.media-imdb.com/images/M/MV5BMTkxNjQyNjEwMV5BMl5BanBnXkFtZTYwODMyOTI3._V1_SY44_CR0,0,32,44_AL_.jpg','http://www.imdb.com/name/nm0001216'),('nm0001267','Balthazar Getty','http://ia.media-imdb.com/images/M/MV5BOTA4NzU1OTk2Ml5BMl5BanBnXkFtZTcwMjU0NTk1NQ@@._V1_SX32_CR0,0,32,44_AL_.jpg','http://www.imdb.com/name/nm0001267'),('nm0001305','Lukas Haas','http://ia.media-imdb.com/images/M/MV5BMTQ3MjU1MDMxM15BMl5BanBnXkFtZTgwODk5ODE4MDE@._V1_SY44_CR0,0,32,44_AL_.jpg','http://www.imdb.com/name/nm0001305'),('nm0001309','Anthony Michael Hall','http://ia.media-imdb.com/images/M/MV5BMjE1MDk3Mzc1NV5BMl5BanBnXkFtZTYwMzE3MTM3._V1_SY44_CR8,0,32,44_AL_.jpg','http://www.imdb.com/name/nm0001309'),('nm0001329','Nigel Hawthorne','http://ia.media-imdb.com/images/M/MV5BMTM4MTg4NDE1NV5BMl5BanBnXkFtZTYwNTE2OTM3._V1_SX32_CR0,0,32,44_AL_.jpg','http://www.imdb.com/name/nm0001329'),('nm0001354','Ciarán Hinds','http://ia.media-imdb.com/images/M/MV5BMTIyNjM0MzU0NF5BMl5BanBnXkFtZTcwOTIxMzg1MQ@@._V1_SX32_CR0,0,32,44_AL_.jpg','http://www.imdb.com/name/nm0001354'),('nm0001357','Paul Hogan','http://ia.media-imdb.com/images/M/MV5BMTI3NzE5MTU3NV5BMl5BanBnXkFtZTcwNjMwMTM3Mg@@._V1_SY44_CR17,0,32,44_AL_.jpg','http://www.imdb.com/name/nm0001357'),('nm0001401','Angelina Jolie','http://ia.media-imdb.com/images/M/MV5BODg3MzYwMjE4N15BMl5BanBnXkFtZTcwMjU5NzAzNw@@._V1_SY44_CR2,0,32,44_AL_.jpg','http://www.imdb.com/name/nm0001401'),('nm0001426','Ben Kingsley','http://ia.media-imdb.com/images/M/MV5BNjE0Mjc5Nzg4OV5BMl5BanBnXkFtZTcwMzk3Njg0Mw@@._V1_SX32_CR0,0,32,44_AL_.jpg','http://www.imdb.com/name/nm0001426'),('nm0001533','Meat Loaf','http://ia.media-imdb.com/images/M/MV5BMTIzNTQ4MjYyOV5BMl5BanBnXkFtZTcwNzgwNTEzMg@@._V1_SX32_CR0,0,32,44_AL_.jpg','http://www.imdb.com/name/nm0001533'),('nm0001556','David Morse','http://ia.media-imdb.com/images/M/MV5BMTgwNjUzOTE1N15BMl5BanBnXkFtZTYwNTU4NDQ0._V1_SX32_CR0,0,32,44_AL_.jpg','http://www.imdb.com/name/nm0001556'),('nm0001565','Mike Newell',NULL,NULL),('nm0001570','Edward Norton','http://ia.media-imdb.com/images/M/MV5BMTYwNjQ5MTI1NF5BMl5BanBnXkFtZTcwMzU5MTI2Mw@@._V1_SY44_CR1,0,32,44_AL_.jpg','http://www.imdb.com/name/nm0001570'),('nm0001593','Anna Paquin','http://ia.media-imdb.com/images/M/MV5BMTcxNzM2NjMzNl5BMl5BanBnXkFtZTgwOTE2Njk0MjE@._V1_SY44_CR13,0,32,44_AL_.jpg','http://www.imdb.com/name/nm0001593'),('nm0001609','Rosie Perez','http://ia.media-imdb.com/images/M/MV5BODE2ODY5MjU0NV5BMl5BanBnXkFtZTcwMjE3MzQzMg@@._V1_SX32_CR0,0,32,44_AL_.jpg','http://www.imdb.com/name/nm0001609'),('nm0001634','CCH Pounder','http://ia.media-imdb.com/images/M/MV5BMTM4MTI0NzkzN15BMl5BanBnXkFtZTYwNzExNzgz._V1_SX32_CR0,0,32,44_AL_.jpg','http://www.imdb.com/name/nm0001634'),('nm0001741','Bryan Singer',NULL,NULL),('nm0001767','Imelda Staunton','http://ia.media-imdb.com/images/M/MV5BMTQ0NzcwOTE0NF5BMl5BanBnXkFtZTYwNjAxOTI1._V1_SX32_CR0,0,32,44_AL_.jpg','http://www.imdb.com/name/nm0001767'),('nm0001803','Danny Trejo','http://ia.media-imdb.com/images/M/MV5BMzcxNTQ1ODQxMl5BMl5BanBnXkFtZTYwMzI4MDA2._V1_SX32_CR0,0,32,44_AL_.jpg','http://www.imdb.com/name/nm0001803'),('nm0001804','Stanley Tucci','http://ia.media-imdb.com/images/M/MV5BMTU1MzE4MjAzMV5BMl5BanBnXkFtZTcwMjA2MTMyMw@@._V1_SY44_CR0,0,32,44_AL_.jpg','http://www.imdb.com/name/nm0001804'),('nm0001806','John Turturro','http://ia.media-imdb.com/images/M/MV5BMTQ1NDYyNzkyMV5BMl5BanBnXkFtZTcwNDQwNTQ3MQ@@._V1_SX32_CR0,0,32,44_AL_.jpg','http://www.imdb.com/name/nm0001806'),('nm0001919','Peggy Ashcroft','http://ia.media-imdb.com/images/M/MV5BMjE2Njg5MDk0Ml5BMl5BanBnXkFtZTcwMzg5NDIzOA@@._V1_SY44_CR1,0,32,44_AL_.jpg','http://www.imdb.com/name/nm0001919'),('nm0001953','Moritz Bleibtreu','http://ia.media-imdb.com/images/M/MV5BMTk1Nzc5NTk4MF5BMl5BanBnXkFtZTcwOTQyMDMxNw@@._V1_SX32_CR0,0,32,44_AL_.jpg','http://www.imdb.com/name/nm0001953'),('nm0001972','Richard Briers','http://ia.media-imdb.com/images/M/MV5BMTIwMDY1NjYxNl5BMl5BanBnXkFtZTYwNzAwODky._V1_SY44_CR1,0,32,44_AL_.jpg','http://www.imdb.com/name/nm0001972'),('nm0002036','Ann B. Davis','http://ia.media-imdb.com/images/M/MV5BMTUyMzEwNjQ0Nl5BMl5BanBnXkFtZTcwODQ1MTAwNA@@._V1_SY44_CR16,0,32,44_AL_.jpg','http://www.imdb.com/name/nm0002036'),('nm0002081','Edward Fox','http://ia.media-imdb.com/images/M/MV5BMjAwMTcwNzI3Ml5BMl5BanBnXkFtZTcwODQ0NDcwNw@@._V1_SY44_CR17,0,32,44_AL_.jpg','http://www.imdb.com/name/nm0002081'),('nm0002103','Julian Glover','http://ia.media-imdb.com/images/M/MV5BMjA4MDg3MjA2NV5BMl5BanBnXkFtZTcwNjAxNzczNA@@._V1_SY44_CR1,0,32,44_AL_.jpg','http://www.imdb.com/name/nm0002103'),('nm0002130','Kathryn Harrold','http://ia.media-imdb.com/images/M/MV5BMjA5NDY0MjkzNV5BMl5BanBnXkFtZTYwMzQ2MDE3._V1_SY44_CR5,0,32,44_AL_.jpg','http://www.imdb.com/name/nm0002130'),('nm0002604','Robert Blanche','http://ia.media-imdb.com/images/M/MV5BODA5NTkxMDMyN15BMl5BanBnXkFtZTgwOTIwNDQxMDE@._V1_SY44_CR17,0,32,44_AL_.jpg','http://www.imdb.com/name/nm0002604'),('nm0002892','Wally Pfister',NULL,NULL),('nm0002956','Barry Gibb','http://ia.media-imdb.com/images/M/MV5BNDc5MjExNDg1N15BMl5BanBnXkFtZTcwMDM1NjEwMw@@._V1_SX32_CR0,0,32,44_AL_.jpg','http://www.imdb.com/name/nm0002956'),('nm0003639','Ben Zeller','http://ia.media-imdb.com/images/M/MV5BMjE3MDQ2NDc3Ml5BMl5BanBnXkFtZTYwNDA5MDcy._V1_SX32_CR0,0,32,44_AL_.jpg','http://www.imdb.com/name/nm0003639'),('nm0003930','Will Wallace','http://ia.media-imdb.com/images/M/MV5BMTkyMDE4MjE5Nl5BMl5BanBnXkFtZTcwMjczMTc5Mw@@._V1_SX32_CR0,0,32,44_AL_.jpg','http://www.imdb.com/name/nm0003930'),('nm0004051','Brian Cox','http://ia.media-imdb.com/images/M/MV5BMTIzNDUwMDMyNF5BMl5BanBnXkFtZTYwODU3MDQ1._V1_SY44_CR1,0,32,44_AL_.jpg','http://www.imdb.com/name/nm0004051'),('nm0004266','Anne Hathaway','http://ia.media-imdb.com/images/M/MV5BNjQ5MTAxMDc5OF5BMl5BanBnXkFtZTcwOTI0OTE4OA@@._V1_SX32_CR0,0,32,44_AL_.jpg','http://www.imdb.com/name/nm0004266'),('nm0004286','Clifton Collins Jr.','http://ia.media-imdb.com/images/M/MV5BMTY3ODQwMTg2Ml5BMl5BanBnXkFtZTcwMDE3OTU2OA@@._V1_SX32_CR0,0,32,44_AL_.jpg','http://www.imdb.com/name/nm0004286'),('nm0004486','Bruno Ganz','http://ia.media-imdb.com/images/M/MV5BMTkzOTM4NDI1OF5BMl5BanBnXkFtZTYwOTc1NjEz._V1_SY44_CR3,0,32,44_AL_.jpg','http://www.imdb.com/name/nm0004486'),('nm0004716','Darren Aronofsky',NULL,NULL),('nm0004755','Jason Biggs','http://ia.media-imdb.com/images/M/MV5BMTk4Mzg0NjMwMV5BMl5BanBnXkFtZTcwNDgyNzE4NQ@@._V1_SX32_CR0,0,32,44_AL_.jpg','http://www.imdb.com/name/nm0004755'),('nm0004785','Delta Burke','http://ia.media-imdb.com/images/M/MV5BMjExMTIyNTQ3OV5BMl5BanBnXkFtZTYwNTM1ODgz._V1_SX32_CR0,0,32,44_AL_.jpg','http://www.imdb.com/name/nm0004785'),('nm0004801','Nestor Carbonell','http://ia.media-imdb.com/images/M/MV5BMTgwNzEwOTY0MF5BMl5BanBnXkFtZTcwNzE1ODAyNg@@._V1_SX32_CR0,0,32,44_AL_.jpg','http://www.imdb.com/name/nm0004801'),('nm0004821','Michael Chiklis','http://ia.media-imdb.com/images/M/MV5BODAwODY0NjYwNl5BMl5BanBnXkFtZTcwMDA3MjQ0Ng@@._V1_SY44_CR0,0,32,44_AL_.jpg','http://www.imdb.com/name/nm0004821'),('nm0004825','Emmanuelle Chriqui','http://ia.media-imdb.com/images/M/MV5BMTgyNTgzMDg5MF5BMl5BanBnXkFtZTcwMTQ3OTkzMQ@@._V1_SX32_CR0,0,32,44_AL_.jpg','http://www.imdb.com/name/nm0004825'),('nm0004851','Penélope Cruz','http://ia.media-imdb.com/images/M/MV5BMTM0Mzc1MTc2OF5BMl5BanBnXkFtZTcwMzE4MzQxMw@@._V1_SX32_CR0,0,32,44_AL_.jpg','http://www.imdb.com/name/nm0004851'),('nm0004872','Don Diamont','http://ia.media-imdb.com/images/M/MV5BMTQyNzYxNzU3OV5BMl5BanBnXkFtZTcwODU5MjYzOA@@._V1_SY44_CR1,0,32,44_AL_.jpg','http://www.imdb.com/name/nm0004872'),('nm0004874','Vin Diesel','http://ia.media-imdb.com/images/M/MV5BMjExNzA4MDYxN15BMl5BanBnXkFtZTcwOTI1MDAxOQ@@._V1_SX32_CR0,0,32,44_AL_.jpg','http://www.imdb.com/name/nm0004874'),('nm0004937','Jamie Foxx','http://ia.media-imdb.com/images/M/MV5BMjAyMDMwNzkxMV5BMl5BanBnXkFtZTcwNzg4Nzg4Mg@@._V1_SX32_CR0,0,32,44_AL_.jpg','http://www.imdb.com/name/nm0004937'),('nm0005017','Katie Holmes','http://ia.media-imdb.com/images/M/MV5BNTA2NjY5OTkzNl5BMl5BanBnXkFtZTcwMDE2NTkxNA@@._V1_SX32_CR0,0,32,44_AL_.jpg','http://www.imdb.com/name/nm0005017'),('nm0005023','Djimon Hounsou','http://ia.media-imdb.com/images/M/MV5BMjQ2NTM4MzI4M15BMl5BanBnXkFtZTcwOTkxMjcxNA@@._V1_SY44_CR0,0,32,44_AL_.jpg','http://www.imdb.com/name/nm0005023'),('nm0005042','Jason Isaacs','http://ia.media-imdb.com/images/M/MV5BMTQ0NDEyNDY0MV5BMl5BanBnXkFtZTcwOTI3NDUxOQ@@._V1_SX32_CR0,0,32,44_AL_.jpg','http://www.imdb.com/name/nm0005042'),('nm0005078','Stacy Keach','http://ia.media-imdb.com/images/M/MV5BMTQwMzEwODQ4Nl5BMl5BanBnXkFtZTYwMTA0NTQz._V1_SX32_CR0,0,32,44_AL_.jpg','http://www.imdb.com/name/nm0005078'),('nm0005107','Lenny Kravitz','http://ia.media-imdb.com/images/M/MV5BMjgxMzUwMTI2NF5BMl5BanBnXkFtZTcwOTA4MDg1Mw@@._V1_SY44_CR0,0,32,44_AL_.jpg','http://www.imdb.com/name/nm0005107'),('nm0005132','Heath Ledger','http://ia.media-imdb.com/images/M/MV5BMTI2NTY0NzA4MF5BMl5BanBnXkFtZTYwMjE1MDE0._V1_SX32_CR0,0,32,44_AL_.jpg','http://www.imdb.com/name/nm0005132'),('nm0005169','Natasha Lyonne','http://ia.media-imdb.com/images/M/MV5BMTcyNTUxODAwNV5BMl5BanBnXkFtZTcwMjk0NDMzOA@@._V1_SX32_CR0,0,32,44_AL_.jpg','http://www.imdb.com/name/nm0005169'),('nm0005305','Piper Perabo','http://ia.media-imdb.com/images/M/MV5BMTU4NjU2MjIyMV5BMl5BanBnXkFtZTYwNDk5MDM1._V1_SX32_CR0,0,32,44_AL_.jpg','http://www.imdb.com/name/nm0005305'),('nm0005357','Jerry Rice','http://ia.media-imdb.com/images/M/MV5BMTM2Njg0MzgwOF5BMl5BanBnXkFtZTYwOTc3Mjcz._V1_SX32_CR0,0,32,44_AL_.jpg','http://www.imdb.com/name/nm0005357'),('nm0005396','Carlos Santana','http://ia.media-imdb.com/images/M/MV5BMjI2MTY0NTQ1OV5BMl5BanBnXkFtZTcwNTQ1MDYxMw@@._V1_SX32_CR0,0,32,44_AL_.jpg','http://www.imdb.com/name/nm0005396'),('nm0005441','Lindsay Sloane','http://ia.media-imdb.com/images/M/MV5BMTYzMjY4ODkxN15BMl5BanBnXkFtZTcwMjc4NjE4MQ@@._V1_SY44_CR3,0,32,44_AL_.jpg','http://www.imdb.com/name/nm0005441'),('nm0005518','Steve Vai','http://ia.media-imdb.com/images/M/MV5BMTQ0ODE4ODc4NV5BMl5BanBnXkFtZTcwMzQxMzc1MQ@@._V1_SX32_CR0,0,32,44_AL_.jpg','http://www.imdb.com/name/nm0005518'),('nm0005606','Maurice LaMarche','http://ia.media-imdb.com/images/M/MV5BMTU2NDQ5MTA4MF5BMl5BanBnXkFyZXN1bWU@._V1_SY44_CR1,0,32,44_AL_.jpg','http://www.imdb.com/name/nm0005606'),('nm0006355','Roy Billing','http://ia.media-imdb.com/images/M/MV5BMjIwNjIyNDEzNF5BMl5BanBnXkFtZTcwNzY5NzU0OA@@._V1_SY44_CR2,0,32,44_AL_.jpg','http://www.imdb.com/name/nm0006355'),('nm0006969','Elizabeth Banks','http://ia.media-imdb.com/images/M/MV5BMjEzMTcxNDU3NV5BMl5BanBnXkFtZTcwOTE0MzEzNw@@._V1_SY44_CR2,0,32,44_AL_.jpg','http://www.imdb.com/name/nm0006969'),('nm0007814','Hiam Abbass','http://ia.media-imdb.com/images/M/MV5BOTEzMDQ2OTM5Ml5BMl5BanBnXkFtZTcwMDk2NTE4Nw@@._V1_SX32_CR0,0,32,44_AL_.jpg','http://www.imdb.com/name/nm0007814'),('nm0007996','John Abbott','','http://www.imdb.com/name/nm0007996'),('nm0009530','Alon Aboutboul','http://ia.media-imdb.com/images/M/MV5BMTQ5MzkyMzMzMl5BMl5BanBnXkFtZTgwMjMzNTc1MjE@._V1_SY44_CR17,0,32,44_AL_.jpg','http://www.imdb.com/name/nm0009530'),('nm0012121','Charles Adler','http://ia.media-imdb.com/images/M/MV5BMjE0OTExMTE4Nl5BMl5BanBnXkFtZTcwNzI3NjM3Mg@@._V1_SY44_CR3,0,32,44_AL_.jpg','http://www.imdb.com/name/nm0012121'),('nm0012523','Scott Adsit','http://ia.media-imdb.com/images/M/MV5BODM3MDI2OTA0OF5BMl5BanBnXkFtZTcwMDM0MzkzMg@@._V1_SX32_CR0,0,32,44_AL_.jpg','http://www.imdb.com/name/nm0012523'),('nm0015391','Claude Akins','http://ia.media-imdb.com/images/M/MV5BMTc2MDc0MjU3MF5BMl5BanBnXkFtZTcwNTE1NDg5Nw@@._V1_SY44_CR0,0,32,44_AL_.jpg','http://www.imdb.com/name/nm0015391'),('nm0016687','Ellen Albertini Dow','http://ia.media-imdb.com/images/M/MV5BMTM3MDY0Njc4M15BMl5BanBnXkFtZTYwMTM3MTYz._V1_SX32_CR0,0,32,44_AL_.jpg','http://www.imdb.com/name/nm0016687'),('nm0017358','Ángel Alcázar','','http://www.imdb.com/name/nm0017358'),('nm0018776','Terence Alexander','','http://www.imdb.com/name/nm0018776'),('nm0019996','Patrick Allen','','http://www.imdb.com/name/nm0019996'),('nm0021662','Margaret Allworthy','','http://www.imdb.com/name/nm0021662'),('nm0023514','Regiane Alves','http://ia.media-imdb.com/images/M/MV5BMjI2ODM2MTE2NF5BMl5BanBnXkFtZTcwNTgyNzM3OA@@._V1_SX32_CR0,0,32,44_AL_.jpg','http://www.imdb.com/name/nm0023514'),('nm0024619','Pino Amenta',NULL,NULL),('nm0026741','Gene Anderson','','http://www.imdb.com/name/nm0026741'),('nm0027459','Stephen J. Anderson','http://ia.media-imdb.com/images/M/MV5BMjA1MTA2ODk3N15BMl5BanBnXkFtZTYwNDQwMzU1._V1_SY44_CR17,0,32,44_AL_.jpg','http://www.imdb.com/name/nm0027459'),('nm0028625','David Andrews','http://ia.media-imdb.com/images/M/MV5BMTcwNTI4OTk3MF5BMl5BanBnXkFtZTcwOTQyMzI3OQ@@._V1_SY44_CR17,0,32,44_AL_.jpg','http://www.imdb.com/name/nm0028625'),('nm0030615','Tony Anselmo','','http://www.imdb.com/name/nm0030615'),('nm0031246','Greg Antonacci','http://ia.media-imdb.com/images/M/MV5BMTkwMDQ3MzMzMl5BMl5BanBnXkFtZTcwMDA4OTkwNA@@._V1_SX32_CR0,0,32,44_AL_.jpg','http://www.imdb.com/name/nm0031246'),('nm0033238','Jorge Aravena','','http://www.imdb.com/name/nm0033238'),('nm0034013','Robert Arden','','http://www.imdb.com/name/nm0034013'),('nm0036031','John Arnatt','','http://www.imdb.com/name/nm0036031'),('nm0036544','Madison Arnold','','http://www.imdb.com/name/nm0036544'),('nm0037118','Richmond Arquette','http://ia.media-imdb.com/images/M/MV5BMjI0MTUwMDUxNF5BMl5BanBnXkFtZTgwNjAzNTM0MDE@._V1_SY44_CR3,0,32,44_AL_.jpg','http://www.imdb.com/name/nm0037118'),('nm0038458','Nelson Ascencio','http://ia.media-imdb.com/images/M/MV5BNzkyNDA0NDAyMV5BMl5BanBnXkFtZTcwNTY3OTM1Nw@@._V1_SX32_CR0,0,32,44_AL_.jpg','http://www.imdb.com/name/nm0038458'),('nm0039162','Shawn Ashmore','http://ia.media-imdb.com/images/M/MV5BMjAxMjQxMzA2MF5BMl5BanBnXkFtZTYwMzM3MzIz._V1_SX32_CR0,0,32,44_AL_.jpg','http://www.imdb.com/name/nm0039162'),('nm0040662','Tom Atkins','http://ia.media-imdb.com/images/M/MV5BMTY3MTIyNTgwNl5BMl5BanBnXkFtZTcwNTQzMjk5Nw@@._V1_SY44_CR0,0,32,44_AL_.jpg','http://www.imdb.com/name/nm0040662'),('nm0041161','Philip G. Atwell',NULL,NULL),('nm0043742','David Ayer',NULL,NULL),('nm0043889','Derek Aylward','','http://www.imdb.com/name/nm0043889'),('nm0044974','Lucas Babin','http://ia.media-imdb.com/images/M/MV5BMTIzMTUxNTc1NV5BMl5BanBnXkFtZTcwMjk2MDIzMQ@@._V1_SY44_CR19,0,32,44_AL_.jpg','http://www.imdb.com/name/nm0044974'),('nm0046588','David Bagés','','http://www.imdb.com/name/nm0046588'),('nm0048507','Hendrik Baker',NULL,NULL),('nm0049882','Danny Baldwin','','http://www.imdb.com/name/nm0049882'),('nm0050139','Carola Baleztena','','http://www.imdb.com/name/nm0050139'),('nm0051509','Eric Bana','http://ia.media-imdb.com/images/M/MV5BMjA2NDAyMDg2M15BMl5BanBnXkFtZTYwODcwNzA1._V1_SX32_CR0,0,32,44_AL_.jpg','http://www.imdb.com/name/nm0051509'),('nm0051558','Michala Banas','','http://www.imdb.com/name/nm0051558'),('nm0051625','Darren Bancroft','http://ia.media-imdb.com/images/M/MV5BMjAwMjI2Mjc2NF5BMl5BanBnXkFtZTgwMTY5ODU0MzE@._V1_SY44_CR1,0,32,44_AL_.jpg','http://www.imdb.com/name/nm0051625'),('nm0052186','Jonathan Banks','http://ia.media-imdb.com/images/M/MV5BMjI3MTE0OTI0MF5BMl5BanBnXkFtZTcwMzc2MzU3NQ@@._V1_SY44_CR0,0,32,44_AL_.jpg','http://www.imdb.com/name/nm0052186'),('nm0055134','Peter Barkworth','http://ia.media-imdb.com/images/M/MV5BNzM4OTMyMzIyMF5BMl5BanBnXkFtZTcwNjkyMzk5Nw@@._V1_SY44_CR16,0,32,44_AL_.jpg','http://www.imdb.com/name/nm0055134'),('nm0057277','Sean Barrett','','http://www.imdb.com/name/nm0057277'),('nm0061262','Bryan Batt','http://ia.media-imdb.com/images/M/MV5BMTMwMzU2NDk4NF5BMl5BanBnXkFtZTYwNjkxNTEy._V1_SY44_CR17,0,32,44_AL_.jpg','http://www.imdb.com/name/nm0061262'),('nm0062746','Jane Baxter','','http://www.imdb.com/name/nm0062746'),('nm0063914','Matthew Beard','http://ia.media-imdb.com/images/M/MV5BMTg4MjI1MTU1MF5BMl5BanBnXkFtZTcwOTg2ODAzOQ@@._V1_SY44_CR0,0,32,44_AL_.jpg','http://www.imdb.com/name/nm0063914'),('nm0065169','Jeff Beck','http://ia.media-imdb.com/images/M/MV5BMTU5NTIyMTQyN15BMl5BanBnXkFtZTcwMTc1NjcxNw@@._V1_SX32_CR0,0,32,44_AL_.jpg','http://www.imdb.com/name/nm0065169'),('nm0066587','Mike Lee Beesley',NULL,NULL),('nm0068038','Arnold Bell','','http://www.imdb.com/name/nm0068038'),('nm0068338','Kristen Bell','http://ia.media-imdb.com/images/M/MV5BMjE2MjkzOTIxMV5BMl5BanBnXkFtZTgwNzM3MTkzMTE@._V1_SX32_CR0,0,32,44_AL_.jpg','http://www.imdb.com/name/nm0068338'),('nm0070474','Jack Bender','http://ia.media-imdb.com/images/M/MV5BMjEwNjMyMjIzNF5BMl5BanBnXkFtZTcwMzc0MzYwNg@@._V1_SY44_CR0,0,32,44_AL_.jpg','http://www.imdb.com/name/nm0070474'),('nm0071739','Elizabeth Bennett','','http://www.imdb.com/name/nm0071739'),('nm0071957','Nick Bennett','','http://www.imdb.com/name/nm0071957'),('nm0072344','Abraham Benrubi','http://ia.media-imdb.com/images/M/MV5BMTYzMDEyMzE0Ml5BMl5BanBnXkFtZTgwNTQyODkzMjE@._V1_SY44_CR17,0,32,44_AL_.jpg','http://www.imdb.com/name/nm0072344'),('nm0072611','Peter Benson','','http://www.imdb.com/name/nm0072611'),('nm0073162','Murilo Benício','http://ia.media-imdb.com/images/M/MV5BMTUyODQyNTE5OV5BMl5BanBnXkFtZTcwMDM1ODgwMw@@._V1_SX32_CR0,0,32,44_AL_.jpg','http://www.imdb.com/name/nm0073162'),('nm0075359','Xander Berkeley','http://ia.media-imdb.com/images/M/MV5BMTAwMjA1OTEwOTheQTJeQWpwZ15BbWU2MDkxODgxMw@@._V1_SY44_CR2,0,32,44_AL_.jpg','http://www.imdb.com/name/nm0075359'),('nm0076227','Gene Bernard',NULL,NULL),('nm0077512','Christopher Berry','http://ia.media-imdb.com/images/M/MV5BMTQ3Mzk3MzY5Ml5BMl5BanBnXkFtZTgwMzg0NzUyMTE@._V1_SY44_CR17,0,32,44_AL_.jpg','http://www.imdb.com/name/nm0077512'),('nm0077595','Josh Berry','http://ia.media-imdb.com/images/M/MV5BMjA4MzY3ODE4Ml5BMl5BanBnXkFtZTcwMjE4MTE2Mg@@._V1_SY44_CR13,0,32,44_AL_.jpg','http://www.imdb.com/name/nm0077595'),('nm0079273','Paul Bettany','http://ia.media-imdb.com/images/M/MV5BMjEwODg1MTA5Ml5BMl5BanBnXkFtZTcwNDQwMTQxMw@@._V1_SY44_CR0,0,32,44_AL_.jpg','http://www.imdb.com/name/nm0079273'),('nm0079418','Daniel Betts','','http://www.imdb.com/name/nm0079418'),('nm0084107','Kevin Bishop','http://ia.media-imdb.com/images/M/MV5BMTQ2MjcxNDc2Nl5BMl5BanBnXkFtZTgwMjY3NjIzMTE@._V1_SX32_CR0,0,32,44_AL_.jpg','http://www.imdb.com/name/nm0084107'),('nm0089217','Orlando Bloom','http://ia.media-imdb.com/images/M/MV5BMjE1MDkxMjQ3NV5BMl5BanBnXkFtZTcwMzQ3Mjc4MQ@@._V1_SY44_CR0,0,32,44_AL_.jpg','http://www.imdb.com/name/nm0089217'),('nm0089408','Lisa Blount','http://ia.media-imdb.com/images/M/MV5BMTg2NzMyMTYxMV5BMl5BanBnXkFtZTcwNDM2MjQwNA@@._V1_SX32_CR0,0,32,44_AL_.jpg','http://www.imdb.com/name/nm0089408'),('nm0089773','Jack Blumenau','','http://www.imdb.com/name/nm0089773'),('nm0091253','Ludi Boeken','http://ia.media-imdb.com/images/M/MV5BMTg3NDgyNTMyNl5BMl5BanBnXkFtZTcwMTE4NjE2OQ@@._V1_SY44_CR6,0,32,44_AL_.jpg','http://www.imdb.com/name/nm0091253'),('nm0091505','Stephen Bogaert','http://ia.media-imdb.com/images/M/MV5BODEzNDY2MTM4NF5BMl5BanBnXkFtZTgwODY5NzA2MzE@._V1_SY44_CR17,0,32,44_AL_.jpg','http://www.imdb.com/name/nm0091505'),('nm0093734','Joe Bonamassa','','http://www.imdb.com/name/nm0093734'),('nm0093937','Gary Bond','','http://www.imdb.com/name/nm0093937'),('nm0094163','Eugenie Bondurant','http://ia.media-imdb.com/images/M/MV5BMTQ3Njk0MjkyMV5BMl5BanBnXkFtZTgwNTg0MTI2MzE@._V1_SY44_CR13,0,32,44_AL_.jpg','http://www.imdb.com/name/nm0094163'),('nm0094297','Ken Bones','','http://www.imdb.com/name/nm0094297'),('nm0094426','Roberto Bonfim','','http://www.imdb.com/name/nm0094426'),('nm0094495','Jason Bonham','','http://www.imdb.com/name/nm0094495'),('nm0095478','Mark Boone Junior','http://ia.media-imdb.com/images/M/MV5BMTYwMDcwNDU5OV5BMl5BanBnXkFtZTcwMzYzMzcyOA@@._V1_SY44_CR1,0,32,44_AL_.jpg','http://www.imdb.com/name/nm0095478'),('nm0096589','Neuza Borges','','http://www.imdb.com/name/nm0096589'),('nm0099271','Frank Bough','','http://www.imdb.com/name/nm0099271'),('nm0100928','T.R. Bowen','','http://www.imdb.com/name/nm0100928'),('nm0102159','Eileen April Boylan','http://ia.media-imdb.com/images/M/MV5BMTIzNzk4NjYzMV5BMl5BanBnXkFtZTYwMTgxNjgy._V1_SX32_CR0,0,32,44_AL_.jpg','http://www.imdb.com/name/nm0102159'),('nm0106585','Walter Breda','','http://www.imdb.com/name/nm0106585'),('nm0107285','Frank Brennan','http://ia.media-imdb.com/images/M/MV5BMTcyNjE1NDc4OF5BMl5BanBnXkFtZTcwMjIyOTAwNA@@._V1_SX32_CR0,0,32,44_AL_.jpg','http://www.imdb.com/name/nm0107285'),('nm0111013','Adam Brody','http://ia.media-imdb.com/images/M/MV5BOTY3NzMzMjgyMl5BMl5BanBnXkFtZTcwNjc2OTM4Mg@@._V1_SX32_CR0,0,32,44_AL_.jpg','http://www.imdb.com/name/nm0111013'),('nm0111765','Charlie Brooker','http://ia.media-imdb.com/images/M/MV5BMzc1ODgyMTMyMV5BMl5BanBnXkFtZTcwNjY1NjcxNw@@._V1_SX32_CR0,0,32,44_AL_.jpg','http://www.imdb.com/name/nm0111765'),('nm0112205','Randi Brooks','','http://www.imdb.com/name/nm0112205'),('nm0117275','Alex Bryce',NULL,NULL),('nm0117773','Sílvia Buarque','','http://www.imdb.com/name/nm0117773'),('nm0118059','Pat Buchanan','','http://www.imdb.com/name/nm0118059'),('nm0118333','Chris Buck',NULL,NULL),('nm0123604','James Burton','http://ia.media-imdb.com/images/M/MV5BMTI2NTcxNjMzMV5BMl5BanBnXkFtZTcwODgwMzc1MQ@@._V1_SY44_CR17,0,32,44_AL_.jpg','http://www.imdb.com/name/nm0123604'),('nm0125653','Ezra Buzzington','http://ia.media-imdb.com/images/M/MV5BMjIwNDU2MjcyNl5BMl5BanBnXkFtZTgwMzM3MzExMDE@._V1_SY44_CR2,0,32,44_AL_.jpg','http://www.imdb.com/name/nm0125653'),('nm0127680','Christina Cabot','http://ia.media-imdb.com/images/M/MV5BMjE3OTExODMwM15BMl5BanBnXkFtZTcwMDk4MzI0Mg@@._V1_SY44_CR17,0,32,44_AL_.jpg','http://www.imdb.com/name/nm0127680'),('nm0130554','Antonio Calloni','http://ia.media-imdb.com/images/M/MV5BMTcxMTAyMTAxOV5BMl5BanBnXkFtZTgwOTA2Njk4MTE@._V1_SY44_CR0,0,32,44_AL_.jpg','http://www.imdb.com/name/nm0130554'),('nm0131966','Bill Camp','http://ia.media-imdb.com/images/M/MV5BNzkzODcxNzk3M15BMl5BanBnXkFtZTcwNzA0NzY2OQ@@._V1_SY44_CR17,0,32,44_AL_.jpg','http://www.imdb.com/name/nm0131966'),('nm0132894','Tim Campbell','','http://www.imdb.com/name/nm0132894'),('nm0133320','Rosi Campos','','http://www.imdb.com/name/nm0133320'),('nm0134922','Peter Capaldi','http://ia.media-imdb.com/images/M/MV5BMjA0NTE0NDQ3OV5BMl5BanBnXkFtZTcwMjkwMjkxOA@@._V1_SX32_CR0,0,32,44_AL_.jpg','http://www.imdb.com/name/nm0134922'),('nm0142145','Angela Cartwright','http://ia.media-imdb.com/images/M/MV5BMTM4NjgxNjAzOF5BMl5BanBnXkFtZTcwNzI3NTEzMQ@@._V1_SX32_CR0,0,32,44_AL_.jpg','http://www.imdb.com/name/nm0142145'),('nm0143261','Sharon Case','http://ia.media-imdb.com/images/M/MV5BMTM1NjY5NTMwMF5BMl5BanBnXkFtZTcwNDgzNDc2Mw@@._V1_SY44_CR1,0,32,44_AL_.jpg','http://www.imdb.com/name/nm0143261'),('nm0146439','Manuel Cauchi','http://ia.media-imdb.com/images/M/MV5BOTQwNDI1NjI5NV5BMl5BanBnXkFtZTgwNDA5MDExMTE@._V1_SY44_CR0,0,32,44_AL_.jpg','http://www.imdb.com/name/nm0146439'),('nm0146819','Gaylord Cavallaro','','http://www.imdb.com/name/nm0146819'),('nm0147118','Dick Cavett','http://ia.media-imdb.com/images/M/MV5BMTM0NzA2MDAyNF5BMl5BanBnXkFtZTYwODQ4Nzc4._V1_SX32_CR0,0,32,44_AL_.jpg','http://www.imdb.com/name/nm0147118'),('nm0148195','Edson Celulari','','http://www.imdb.com/name/nm0148195'),('nm0149548','Don Chaffey',NULL,NULL),('nm0150030','Judith Chalmers','','http://www.imdb.com/name/nm0150030'),('nm0152420','Judith Chapman','http://ia.media-imdb.com/images/M/MV5BMjExODQ1NDQ0M15BMl5BanBnXkFtZTcwNjA5MDYxOA@@._V1_SY44_CR11,0,32,44_AL_.jpg','http://www.imdb.com/name/nm0152420'),('nm0157312','Fernando Chien','http://ia.media-imdb.com/images/M/MV5BNDk2ODA0NDM5OV5BMl5BanBnXkFtZTgwMzU3NzkyMjE@._V1_SY44_CR17,0,32,44_AL_.jpg','http://www.imdb.com/name/nm0157312'),('nm0158626','John Cho','http://ia.media-imdb.com/images/M/MV5BMTc5Mzk5OTIzM15BMl5BanBnXkFtZTcwNjU4MTgyMg@@._V1_SX32_CR0,0,32,44_AL_.jpg','http://www.imdb.com/name/nm0158626'),('nm0158632','Margaret Cho','http://ia.media-imdb.com/images/M/MV5BMjEwMzQ0NTAwNF5BMl5BanBnXkFtZTcwODg4NDE5Mw@@._V1_SX32_CR0,0,32,44_AL_.jpg','http://www.imdb.com/name/nm0158632'),('nm0158856','Min-sik Choi','http://ia.media-imdb.com/images/M/MV5BMTMwNjExNDMyN15BMl5BanBnXkFtZTcwNTYxODczMQ@@._V1_SY44_CR17,0,32,44_AL_.jpg','http://www.imdb.com/name/nm0158856'),('nm0162104','Sharis Cid','','http://www.imdb.com/name/nm0162104'),('nm0162535','Caco Ciocler','','http://www.imdb.com/name/nm0162535'),('nm0163863','Dick Clark','http://ia.media-imdb.com/images/M/MV5BMTM0NDI4NTYyM15BMl5BanBnXkFtZTcwMTA5ODAyMw@@._V1_SY44_CR2,0,32,44_AL_.jpg','http://www.imdb.com/name/nm0163863'),('nm0165101','Patricia Clarkson','http://ia.media-imdb.com/images/M/MV5BMTgyMjI2MjY1NV5BMl5BanBnXkFtZTcwODUyNjkxMw@@._V1_SX32_CR0,0,32,44_AL_.jpg','http://www.imdb.com/name/nm0165101'),('nm0165574','Stanley Bennett Clay','http://ia.media-imdb.com/images/M/MV5BOTg2Mzg0Mjg5NV5BMl5BanBnXkFtZTgwMTk2NjM1MTE@._V1_SY44_CR0,0,32,44_AL_.jpg','http://www.imdb.com/name/nm0165574'),('nm0166701','Eleanor Clift','','http://www.imdb.com/name/nm0166701'),('nm0170552','George Cole','','http://www.imdb.com/name/nm0170552'),('nm0172884','Booth Colman','','http://www.imdb.com/name/nm0172884'),('nm0173124','Mercedes Colon','http://ia.media-imdb.com/images/M/MV5BMTg3OTg4NjQ2Nl5BMl5BanBnXkFtZTcwOTE4MjUxNA@@._V1_SX32_CR0,0,32,44_AL_.jpg','http://www.imdb.com/name/nm0173124'),('nm0173257','Sydney \'Big Dawg\' Colston','http://ia.media-imdb.com/images/M/MV5BMTU2NjMxMDcwMV5BMl5BanBnXkFtZTcwMTI4MjMzMQ@@._V1_SY44_CR1,0,32,44_AL_.jpg','http://www.imdb.com/name/nm0173257'),('nm0175788','Hans Conried','http://ia.media-imdb.com/images/M/MV5BMTgyODMwOTkzNV5BMl5BanBnXkFtZTcwMzY1MDgwOA@@._V1_SY44_CR1,0,32,44_AL_.jpg','http://www.imdb.com/name/nm0175788'),('nm0177896','Bradley Cooper','http://ia.media-imdb.com/images/M/MV5BMTU0Mzg4MDgzNl5BMl5BanBnXkFtZTcwMDkxNzIwMw@@._V1_SX32_CR0,0,32,44_AL_.jpg','http://www.imdb.com/name/nm0177896'),('nm0178088','Henry Cooper','','http://www.imdb.com/name/nm0178088'),('nm0178137','Jeanne Cooper','http://ia.media-imdb.com/images/M/MV5BMTkzNzk2MzAwMF5BMl5BanBnXkFtZTYwMzE1MzA1._V1_SX32_CR0,0,32,44_AL_.jpg','http://www.imdb.com/name/nm0178137'),('nm0180498','Judy Cornwell','http://ia.media-imdb.com/images/M/MV5BMTk5NjA3ODg4N15BMl5BanBnXkFtZTYwMjA3OTYy._V1_SY44_CR1,0,32,44_AL_.jpg','http://www.imdb.com/name/nm0180498'),('nm0181820','Brian Cosgrove',NULL,NULL),('nm0182662','Ritchie Coster','http://ia.media-imdb.com/images/M/MV5BMTMxMjE2MTU5M15BMl5BanBnXkFtZTYwNTM2ODM0._V1_SX32_CR0,0,32,44_AL_.jpg','http://www.imdb.com/name/nm0182662'),('nm0182839','Marion Cotillard','http://ia.media-imdb.com/images/M/MV5BMTQxNTEzNTkwNF5BMl5BanBnXkFtZTcwNzQ2NDIwOQ@@._V1_SX32_CR0,0,32,44_AL_.jpg','http://www.imdb.com/name/nm0182839'),('nm0185057','Jacqueline Cox','','http://www.imdb.com/name/nm0185057'),('nm0185954','Michael Craig','','http://www.imdb.com/name/nm0185954'),('nm0185980','Philip Craig','http://ia.media-imdb.com/images/M/MV5BMTM2MDQ0NTc2OF5BMl5BanBnXkFtZTYwMTA4MjE2._V1_SX32_CR0,0,32,44_AL_.jpg','http://www.imdb.com/name/nm0185980'),('nm0186226','Cydney Crampton','','http://www.imdb.com/name/nm0186226'),('nm0186469','Kenneth Cranham','http://ia.media-imdb.com/images/M/MV5BMjAwNjE3Njg5Ml5BMl5BanBnXkFtZTcwNzc4MDcwOA@@._V1_SY44_CR0,0,32,44_AL_.jpg','http://www.imdb.com/name/nm0186469'),('nm0186505','Bryan Cranston','http://ia.media-imdb.com/images/M/MV5BMTA2NjEyMTY4MTVeQTJeQWpwZ15BbWU3MDQ5NDAzNDc@._V1_SX32_CR0,0,32,44_AL_.jpg','http://www.imdb.com/name/nm0186505'),('nm0188728','Christie Cronenweth','','http://www.imdb.com/name/nm0188728'),('nm0189166','Gerald Cross','','http://www.imdb.com/name/nm0189166'),('nm0190744','Marton Csokas','http://ia.media-imdb.com/images/M/MV5BMTY0Mjc1NDc4N15BMl5BanBnXkFtZTcwMjQ0NzEzMQ@@._V1_SY44_CR0,0,32,44_AL_.jpg','http://www.imdb.com/name/nm0190744'),('nm0191003','Oliver Cukor',NULL,NULL),('nm0191867','Christina Cummings','','http://www.imdb.com/name/nm0191867'),('nm0191950','Robert Cummings','http://ia.media-imdb.com/images/M/MV5BMTUzNTg2NjU4NV5BMl5BanBnXkFtZTYwMDEwMTM2._V1_SY44_CR1,0,32,44_AL_.jpg','http://www.imdb.com/name/nm0191950'),('nm0192504','Francisco Cuoco','','http://www.imdb.com/name/nm0192504'),('nm0193160','Catherine Curtin','http://ia.media-imdb.com/images/M/MV5BMTQyODU0MzM3MV5BMl5BanBnXkFtZTgwNzk2MTIwMTE@._V1_SX32_CR0,0,32,44_AL_.jpg','http://www.imdb.com/name/nm0193160'),('nm0193556','Janet Curtis-Larson','','http://www.imdb.com/name/nm0193556'),('nm0197354','Elizabeth Daily','http://ia.media-imdb.com/images/M/MV5BNTkxNDAyNTY3OV5BMl5BanBnXkFtZTgwMDg5NTA3MjE@._V1_SX32_CR0,0,32,44_AL_.jpg','http://www.imdb.com/name/nm0197354'),('nm0197647','James Badge Dale','http://ia.media-imdb.com/images/M/MV5BMjIzNzEyMDkwOV5BMl5BanBnXkFtZTcwNDcxOTAyMw@@._V1_SY44_CR1,0,32,44_AL_.jpg','http://www.imdb.com/name/nm0197647'),('nm0200452','Paul Dano','http://ia.media-imdb.com/images/M/MV5BMjMwMzE1OTc0OF5BMl5BanBnXkFtZTcwMDU2NTg0Nw@@._V1_SX32_CR0,0,32,44_AL_.jpg','http://www.imdb.com/name/nm0200452'),('nm0201696','Paul Darrow','','http://www.imdb.com/name/nm0201696'),('nm0202966','Keith David','http://ia.media-imdb.com/images/M/MV5BMTI5OTU4ODI1MF5BMl5BanBnXkFtZTcwMjU1NjkyNA@@._V1_SY44_CR1,0,32,44_AL_.jpg','http://www.imdb.com/name/nm0202966'),('nm0203301','Doug Davidson','http://ia.media-imdb.com/images/M/MV5BMTY5MTI1MjY3N15BMl5BanBnXkFtZTcwNDAwNzA3OQ@@._V1_SY44_CR0,0,32,44_AL_.jpg','http://www.imdb.com/name/nm0203301'),('nm0204389','Clifton Davis','http://ia.media-imdb.com/images/M/MV5BMTc5OTE2MTQwNl5BMl5BanBnXkFtZTcwNzgxMzIzMg@@._V1_SY44_CR1,0,32,44_AL_.jpg','http://www.imdb.com/name/nm0204389'),('nm0204425','Daniel Davis','http://ia.media-imdb.com/images/M/MV5BMjEyNTczMDc3M15BMl5BanBnXkFtZTgwNjczNzA2MTE@._V1_SX32_CR0,0,32,44_AL_.jpg','http://www.imdb.com/name/nm0204425'),('nm0205284','Peter Davis','','http://www.imdb.com/name/nm0205284'),('nm0206359','Charlie Day','http://ia.media-imdb.com/images/M/MV5BMjA1ODAzNzQ5M15BMl5BanBnXkFtZTcwMzQ1ODI4Mg@@._V1._CR171,167,156,217_SX32_CR0,0,32,44_AL_.jpg','http://www.imdb.com/name/nm0206359'),('nm0209289','Paz de la Huerta','http://ia.media-imdb.com/images/M/MV5BNzQ2OTk1NTczNF5BMl5BanBnXkFtZTcwMjEwNzIyNQ@@._V1_SY44_CR1,0,32,44_AL_.jpg','http://www.imdb.com/name/nm0209289'),('nm0212498','Tim De Zarn','http://ia.media-imdb.com/images/M/MV5BMTAwODMxMDI5OTleQTJeQWpwZ15BbWU3MDk1NTU4MDg@._V1_SX32_CR0,0,32,44_AL_.jpg','http://www.imdb.com/name/nm0212498'),('nm0212939','Ron Dean','http://ia.media-imdb.com/images/M/MV5BMTM5MTc5MjE3OF5BMl5BanBnXkFtZTcwNzg1MjQyOA@@._V1_SX32_CR0,0,32,44_AL_.jpg','http://www.imdb.com/name/nm0212939'),('nm0213619','Rosemary DeCamp','','http://www.imdb.com/name/nm0213619'),('nm0216466','Lea DeLaria','http://ia.media-imdb.com/images/M/MV5BODMxMzY0NDMxNF5BMl5BanBnXkFtZTgwMTQwMzQ1MDE@._V1_SY44_CR6,0,32,44_AL_.jpg','http://www.imdb.com/name/nm0216466'),('nm0217487','Adrian Dellevergin',NULL,NULL),('nm0219221','Michael Denison','','http://www.imdb.com/name/nm0219221'),('nm0219748','Catherine Dent','http://ia.media-imdb.com/images/M/MV5BMTYyODk3MjY5MV5BMl5BanBnXkFtZTcwOTY2MzM1Nw@@._V1_SX32_CR0,0,32,44_AL_.jpg','http://www.imdb.com/name/nm0219748'),('nm0225620','Bettina Dickson','','http://www.imdb.com/name/nm0225620'),('nm0226813','Garret Dillahunt','http://ia.media-imdb.com/images/M/MV5BNTM1MTgzNDI2OV5BMl5BanBnXkFtZTgwMDIzNzIxMDE@._V1_SY44_CR3,0,32,44_AL_.jpg','http://www.imdb.com/name/nm0226813'),('nm0227055','Peter Michael Dillon','http://ia.media-imdb.com/images/M/MV5BMzcxNDEzNzU4NF5BMl5BanBnXkFtZTgwNDk4NDM3MjE@._V1_SX32_CR0,0,32,44_AL_.jpg','http://www.imdb.com/name/nm0227055'),('nm0227759','Peter Dinklage','http://ia.media-imdb.com/images/M/MV5BMTM1MTI5Mzc0MF5BMl5BanBnXkFtZTYwNzgzOTQz._V1_SY44_CR1,0,32,44_AL_.jpg','http://www.imdb.com/name/nm0227759'),('nm0229694','David Dobkin',NULL,NULL),('nm0238245','Patrick Dromgoole',NULL,NULL),('nm0239098','Gabriela Duarte','','http://www.imdb.com/name/nm0239098'),('nm0241173','Clark Duke','http://ia.media-imdb.com/images/M/MV5BMTg2MTY0NjU4NF5BMl5BanBnXkFtZTcwODAxMzUzMw@@._V1_SY44_CR1,0,32,44_AL_.jpg','http://www.imdb.com/name/nm0241173'),('nm0241663','José Dumont','','http://www.imdb.com/name/nm0241663'),('nm0243806','Kevin Durand','http://ia.media-imdb.com/images/M/MV5BMTYzNTA3Mzg3Nl5BMl5BanBnXkFtZTgwNDk1NTUwMjE@._V1_SX32_CR0,0,32,44_AL_.jpg','http://www.imdb.com/name/nm0243806'),('nm0248844','Paul Eddington','','http://www.imdb.com/name/nm0248844'),('nm0249291','Joel Edgerton','http://ia.media-imdb.com/images/M/MV5BMTA0ODI1ODk4NzdeQTJeQWpwZ15BbWU3MDkwNjkzOTY@._V1._SX214_SY317_SX32_CR0,0,32,44_AL_.jpg','http://www.imdb.com/name/nm0249291'),('nm0250377','Steve Edwards','','http://www.imdb.com/name/nm0250377'),('nm0250670','Eddie Egan','','http://www.imdb.com/name/nm0250670'),('nm0250722','Rebecca Egan','','http://www.imdb.com/name/nm0250722'),('nm0252230','Chiwetel Ejiofor','http://ia.media-imdb.com/images/M/MV5BNzA5MDEyMTY3Nl5BMl5BanBnXkFtZTgwODQ0MjcxMDE@._V1_SX32_CR0,0,32,44_AL_.jpg','http://www.imdb.com/name/nm0252230'),('nm0253479','Jeannie Elias','','http://www.imdb.com/name/nm0253479'),('nm0253819','Ellory Elkayem',NULL,NULL),('nm0255026','Peter Ellis','','http://www.imdb.com/name/nm0255026'),('nm0255780','Ben Elton','','http://www.imdb.com/name/nm0255780'),('nm0256216','Hope Emerson','','http://www.imdb.com/name/nm0256216'),('nm0257346','Chris Engen','','http://www.imdb.com/name/nm0257346'),('nm0257969','Mireille Enos','http://ia.media-imdb.com/images/M/MV5BMjA4ODgwMDczMV5BMl5BanBnXkFtZTcwMjExMjYzNA@@._V1._CR323.1875,1.1676139831542969,517,666.6363563537598_SY44_CR1,0,32,44_AL_.jpg','http://www.imdb.com/name/nm0257969'),('nm0260300','Daniela Escobar','http://ia.media-imdb.com/images/M/MV5BMTYzNTY0ODY0OV5BMl5BanBnXkFtZTcwMjU3NzEwNw@@._V1_SY44_CR6,0,32,44_AL_.jpg','http://www.imdb.com/name/nm0260300'),('nm0262061','Ray Etheridge',NULL,NULL),('nm0263149','Reg Evans','','http://www.imdb.com/name/nm0263149'),('nm0263760','Greg Evigan','http://ia.media-imdb.com/images/M/MV5BMTc5MDI3MTI4OF5BMl5BanBnXkFtZTYwNDc4OTYy._V1_SX32_CR0,0,32,44_AL_.jpg','http://www.imdb.com/name/nm0263760'),('nm0267042','Golshifteh Farahani','http://ia.media-imdb.com/images/M/MV5BMjA5MDAwMDUzNV5BMl5BanBnXkFtZTgwMjQ4NDE2MDE@._V1_SX32_CR0,0,32,44_AL_.jpg','http://www.imdb.com/name/nm0267042'),('nm0267124','Aviva Baumann','http://ia.media-imdb.com/images/M/MV5BMTYzOTEwNjE2M15BMl5BanBnXkFtZTcwMzgwNTI3OQ@@._V1_SX32_CR0,0,32,44_AL_.jpg','http://www.imdb.com/name/nm0267124'),('nm0267360','Marcelo Faria','','http://www.imdb.com/name/nm0267360'),('nm0267812','Vera Farmiga','http://ia.media-imdb.com/images/M/MV5BMTM3NzMwNTc1MV5BMl5BanBnXkFtZTcwNDE2ODU2OA@@._V1_SX32_CR0,0,32,44_AL_.jpg','http://www.imdb.com/name/nm0267812'),('nm0267941','Rodrigo Faro','','http://www.imdb.com/name/nm0267941'),('nm0268286','Mike Farrell','http://ia.media-imdb.com/images/M/MV5BMTkwODYzNDIwOV5BMl5BanBnXkFtZTYwMzUyOTc1._V1_SX32_CR0,0,32,44_AL_.jpg','http://www.imdb.com/name/nm0268286'),('nm0269419','Pierfrancesco Favino','http://ia.media-imdb.com/images/M/MV5BMTMwMjUxMDcxMl5BMl5BanBnXkFtZTcwMjkwODUyNA@@._V1_SY44_CR13,0,32,44_AL_.jpg','http://www.imdb.com/name/nm0269419'),('nm0269542','Nat Faxon','http://ia.media-imdb.com/images/M/MV5BMTYxMDM1MDEyM15BMl5BanBnXkFtZTcwMzg2NDY0Nw@@._V1_SX32_CR0,0,32,44_AL_.jpg','http://www.imdb.com/name/nm0269542'),('nm0271282','Samara Felippo','','http://www.imdb.com/name/nm0271282'),('nm0272704','Guy Ferland',NULL,NULL),('nm0274222','Carolina Ferraz','','http://www.imdb.com/name/nm0274222'),('nm0274548','Empar Ferrer','','http://www.imdb.com/name/nm0274548'),('nm0274880','Fred Ferris','','http://www.imdb.com/name/nm0274880'),('nm0275996','Marty Fields','','http://www.imdb.com/name/nm0275996'),('nm0276769','Patricia Figón','','http://www.imdb.com/name/nm0276769'),('nm0278306','Judy Finnigan','','http://www.imdb.com/name/nm0278306'),('nm0281866','Robert Flemyng','','http://www.imdb.com/name/nm0281866'),('nm0282332','Sarah Flind','','http://www.imdb.com/name/nm0282332'),('nm0286975','Marc Forster',NULL,NULL),('nm0288659','Beth Fowler','','http://www.imdb.com/name/nm0288659'),('nm0288738','Joe Fowler','http://ia.media-imdb.com/images/M/MV5BMTQzMjYwMzc1NV5BMl5BanBnXkFtZTcwMDEwMTQyMg@@._V1_SY44_CR0,0,32,44_AL_.jpg','http://www.imdb.com/name/nm0288738'),('nm0289142','Matthew Fox','http://ia.media-imdb.com/images/M/MV5BMTcyMjA4OTQwMF5BMl5BanBnXkFtZTcwNTQwMzgyMQ@@._V1_SX32_CR0,0,32,44_AL_.jpg','http://www.imdb.com/name/nm0289142'),('nm0290560','Jerusa Franco','','http://www.imdb.com/name/nm0290560'),('nm0291596','Sabina Franklyn','','http://www.imdb.com/name/nm0291596'),('nm0291785','Adrienne Frantz','http://ia.media-imdb.com/images/M/MV5BMTY0NTkyOTE1NF5BMl5BanBnXkFtZTgwMjk2MDcyMjE@._V1_SX32_CR0,0,32,44_AL_.jpg','http://www.imdb.com/name/nm0291785'),('nm0292235','Shelagh Fraser','','http://www.imdb.com/name/nm0292235'),('nm0296602','Marcos Frota','','http://www.imdb.com/name/nm0296602'),('nm0300277','Ron Gabriel','','http://www.imdb.com/name/nm0300277'),('nm0300902','Bruno Gagliasso','','http://www.imdb.com/name/nm0300902'),('nm0307534','Joel Marsh Garland','http://ia.media-imdb.com/images/M/MV5BMTcxNDAxMzE0OV5BMl5BanBnXkFtZTgwMzExOTk3MjE@._V1_SY44_CR6,0,32,44_AL_.jpg','http://www.imdb.com/name/nm0307534'),('nm0308248','Joan Garrick','','http://www.imdb.com/name/nm0308248'),('nm0309510','Marina Gatell','http://ia.media-imdb.com/images/M/MV5BMTM3NTk5NDE4Ml5BMl5BanBnXkFtZTcwNzczNjIwMg@@._V1_SX32_CR0,0,32,44_AL_.jpg','http://www.imdb.com/name/nm0309510'),('nm0311125','Raul Gazolla','','http://www.imdb.com/name/nm0311125'),('nm0313387','Christopher George','http://ia.media-imdb.com/images/M/MV5BMTM3MjAzNjk0Nl5BMl5BanBnXkFtZTcwNDM2NTgzNA@@._V1_SX32_CR0,0,32,44_AL_.jpg','http://www.imdb.com/name/nm0313387'),('nm0314870','Daniel Gerson','','http://www.imdb.com/name/nm0314870'),('nm0316449','Andy Gibb','','http://www.imdb.com/name/nm0316449'),('nm0316465','Maurice Gibb','http://ia.media-imdb.com/images/M/MV5BMjE1NDQ1NTAwMl5BMl5BanBnXkFtZTcwODI1NjEwMw@@._V1_SX32_CR0,0,32,44_AL_.jpg','http://www.imdb.com/name/nm0316465'),('nm0316471','Robin Gibb','http://ia.media-imdb.com/images/M/MV5BMTg0NjQ3MzY1Ml5BMl5BanBnXkFtZTcwNDU3NDcwNw@@._V1_SY44_CR1,0,32,44_AL_.jpg','http://www.imdb.com/name/nm0316471'),('nm0316959','Felicity Gibson','','http://www.imdb.com/name/nm0316959'),('nm0317129','Molly Gibson','','http://www.imdb.com/name/nm0317129'),('nm0318821','Aidan Gillen','http://ia.media-imdb.com/images/M/MV5BMjMwNzE4MzMxNl5BMl5BanBnXkFtZTgwOTYwMTEyMDE@._V1_SY44_CR0,0,32,44_AL_.jpg','http://www.imdb.com/name/nm0318821'),('nm0322407','Brendan Gleeson','http://ia.media-imdb.com/images/M/MV5BMTA3NTMxODI0OTBeQTJeQWpwZ15BbWU3MDQ1NTY5Mjc@._V1_SX32_CR0,0,32,44_AL_.jpg','http://www.imdb.com/name/nm0322407'),('nm0323773','Daniel Goddard','http://ia.media-imdb.com/images/M/MV5BMTU1NTY5NTgyMV5BMl5BanBnXkFtZTgwMTcwMzAyMjE@._V1_SY44_CR1,0,32,44_AL_.jpg','http://www.imdb.com/name/nm0323773'),('nm0323851','Willoughby Goddard','','http://www.imdb.com/name/nm0323851'),('nm0323962','Bob Godfrey',NULL,NULL),('nm0324658','Walton Goggins','http://ia.media-imdb.com/images/M/MV5BMTQ0MDU0NjUyNV5BMl5BanBnXkFtZTgwNjcyMjU5MTE@._V1_SX32_CR0,0,32,44_AL_.jpg','http://www.imdb.com/name/nm0324658'),('nm0325390','Annie Golden','http://ia.media-imdb.com/images/M/MV5BMTMzMTQ2NDQ1NV5BMl5BanBnXkFtZTcwMDc4MjkzNA@@._V1_SY44_CR1,0,32,44_AL_.jpg','http://www.imdb.com/name/nm0325390'),('nm0327063','Nick Gomez','http://ia.media-imdb.com/images/M/MV5BMjMxODU3NzM4Nl5BMl5BanBnXkFtZTgwMDkwNTY5MDE@._V1_SY44_CR6,0,32,44_AL_.jpg','http://www.imdb.com/name/nm0327063'),('nm0327097','Reagan Gomez-Preston','http://ia.media-imdb.com/images/M/MV5BMTk2NjQxNzIyOV5BMl5BanBnXkFtZTgwODYxMzczMTE@._V1_SY44_CR3,0,32,44_AL_.jpg','http://www.imdb.com/name/nm0327097'),('nm0328828','Matthew Goode','http://ia.media-imdb.com/images/M/MV5BMTc0MzY2NjE0Nl5BMl5BanBnXkFtZTYwMDkxMDY0._V1_SX32_CR0,0,32,44_AL_.jpg','http://www.imdb.com/name/nm0328828'),('nm0329259','Tom Goodman-Hill','http://ia.media-imdb.com/images/M/MV5BMjM2NjQ3NDIyNV5BMl5BanBnXkFtZTgwODg3NjU3MjE@._V1_SY44_CR0,0,32,44_AL_.jpg','http://www.imdb.com/name/nm0329259'),('nm0330687','Joseph Gordon-Levitt','http://ia.media-imdb.com/images/M/MV5BMTQzOTg0NTkzNF5BMl5BanBnXkFtZTcwNTQ4MTcwOQ@@._V1_SY44_CR4,0,32,44_AL_.jpg','http://www.imdb.com/name/nm0330687'),('nm0331566','Helen Goss','','http://www.imdb.com/name/nm0331566'),('nm0334318','Stephen Graham','http://ia.media-imdb.com/images/M/MV5BOTU0OTE1NTAwM15BMl5BanBnXkFtZTcwMjMwMjAwMw@@._V1_SX32_CR0,0,32,44_AL_.jpg','http://www.imdb.com/name/nm0334318'),('nm0334431','Andrew Grainger','','http://www.imdb.com/name/nm0334431'),('nm0334561','Spencer Grammer','http://ia.media-imdb.com/images/M/MV5BMTkxNjE0NzAxMF5BMl5BanBnXkFtZTcwNjQyMjQ4Mg@@._V1_SX32_CR0,0,32,44_AL_.jpg','http://www.imdb.com/name/nm0334561'),('nm0336607','Elspet Gray','http://ia.media-imdb.com/images/M/MV5BMTEwNjgxNDkxNTJeQTJeQWpwZ15BbWU3MDU5MTIwMTg@._V1_SX32_CR0,0,32,44_AL_.jpg','http://www.imdb.com/name/nm0336607'),('nm0339333','Hannah Greenwood','http://ia.media-imdb.com/images/M/MV5BMjE4Njg1MTIzOV5BMl5BanBnXkFtZTgwMjE4NTEwMjE@._V1_SY44_CR1,0,32,44_AL_.jpg','http://www.imdb.com/name/nm0339333'),('nm0339935','Ron Gregory','http://ia.media-imdb.com/images/M/MV5BNjkxODQzMTI1Nl5BMl5BanBnXkFtZTcwMzAyNTAwOQ@@._V1_SY44_CR1,0,32,44_AL_.jpg','http://www.imdb.com/name/nm0339935'),('nm0340260','Zach Grenier','http://ia.media-imdb.com/images/M/MV5BNDc4MTcyNjE3M15BMl5BanBnXkFtZTgwODI1MDU2MTE@._V1_SX32_CR0,0,32,44_AL_.jpg','http://www.imdb.com/name/nm0340260'),('nm0340952','Roosevelt Grier','http://ia.media-imdb.com/images/M/MV5BMTMxNDIyNDM5Ml5BMl5BanBnXkFtZTcwNDUyMzY3NA@@._V1_SX32_CR0,0,32,44_AL_.jpg','http://www.imdb.com/name/nm0340952'),('nm0342378','Jonas Grimås',NULL,NULL),('nm0344010','Deborah Grover','','http://www.imdb.com/name/nm0344010'),('nm0347272','Cissa Guimarães','','http://www.imdb.com/name/nm0347272'),('nm0348181','James Gunn',NULL,NULL),('nm0348231','Sean Gunn','http://ia.media-imdb.com/images/M/MV5BMjI3NDY4MzAyN15BMl5BanBnXkFtZTcwOTU4Njk3OQ@@._V1_SY44_CR6,0,32,44_AL_.jpg','http://www.imdb.com/name/nm0348231'),('nm0350454','Maggie Gyllenhaal','http://ia.media-imdb.com/images/M/MV5BMTM1MjY3NzA4NF5BMl5BanBnXkFtZTcwNzE4MjMyMw@@._V1_SX32_CR0,0,32,44_AL_.jpg','http://www.imdb.com/name/nm0350454'),('nm0351568','Andrew Günsberg','http://ia.media-imdb.com/images/M/MV5BMTM1MDk2NDI1M15BMl5BanBnXkFtZTcwMDkwMTcyNA@@._V1_SX32_CR0,0,32,44_AL_.jpg','http://www.imdb.com/name/nm0351568'),('nm0352456','Grant Hackett','','http://www.imdb.com/name/nm0352456'),('nm0355567','Evelyn Hall','','http://www.imdb.com/name/nm0355567'),('nm0356017','Rebecca Hall','http://ia.media-imdb.com/images/M/MV5BNjkzODU4MTQ4OV5BMl5BanBnXkFtZTcwNDU0MTA4NA@@._V1_SY44_CR0,0,32,44_AL_.jpg','http://www.imdb.com/name/nm0356017'),('nm0357608','Rusty Hamer','','http://www.imdb.com/name/nm0357608'),('nm0358427','Anthony Hammer','','http://www.imdb.com/name/nm0358427'),('nm0359569','Stanley Myron Handelman','','http://www.imdb.com/name/nm0359569'),('nm0362484','Cory Hardrict','http://ia.media-imdb.com/images/M/MV5BMTkwMTA1NjIzMV5BMl5BanBnXkFtZTgwNjU0MTI0MDE@._V1_SX32_CR0,0,32,44_AL_.jpg','http://www.imdb.com/name/nm0362484'),('nm0362766','Tom Hardy','http://ia.media-imdb.com/images/M/MV5BMTQ3ODEyNjA4Nl5BMl5BanBnXkFtZTgwMTE4ODMyMjE@._V1_SX32_CR0,0,32,44_AL_.jpg','http://www.imdb.com/name/nm0362766'),('nm0363669','Michael Harney','http://ia.media-imdb.com/images/M/MV5BMTg5MzE0NTE2NF5BMl5BanBnXkFtZTcwODIyNjQ3Ng@@._V1_SY44_CR6,0,32,44_AL_.jpg','http://www.imdb.com/name/nm0363669'),('nm0364576','Cynthia Harris','http://ia.media-imdb.com/images/M/MV5BMjI0NzY0MTM0NV5BMl5BanBnXkFtZTcwMzk2MzU5Ng@@._V1_SY44_CR17,0,32,44_AL_.jpg','http://www.imdb.com/name/nm0364576'),('nm0364807','Jamie Harris','http://ia.media-imdb.com/images/M/MV5BOTYxNDIxMzEzNV5BMl5BanBnXkFtZTcwMTc2MDIzNA@@._V1_SX32_CR0,0,32,44_AL_.jpg','http://www.imdb.com/name/nm0364807'),('nm0365248','Robert Harris','','http://www.imdb.com/name/nm0365248'),('nm0366890','Luce Rains','http://ia.media-imdb.com/images/M/MV5BMTkzOTIzNzM3NF5BMl5BanBnXkFtZTgwNTcwODk3MTE@._V1_SX32_CR0,0,32,44_AL_.jpg','http://www.imdb.com/name/nm0366890'),('nm0367583','John Harvey','','http://www.imdb.com/name/nm0367583'),('nm0367810','Dick Harwood',NULL,NULL),('nm0369513','Cole Hauser','http://ia.media-imdb.com/images/M/MV5BMTkyODgyMzMzMl5BMl5BanBnXkFtZTgwNjM3ODgxMTE@._V1_SY44_CR6,0,32,44_AL_.jpg','http://www.imdb.com/name/nm0369513'),('nm0370199','Peter Hawkins','','http://www.imdb.com/name/nm0370199'),('nm0373673','Elliot Hegarty',NULL,NULL),('nm0374416','Amelia Heinle','http://ia.media-imdb.com/images/M/MV5BODA4NDM0MzYwMV5BMl5BanBnXkFtZTcwMDY0ODk0Mg@@._V1_SY44_CR17,0,32,44_AL_.jpg','http://www.imdb.com/name/nm0374416'),('nm0377034','Brad William Henke','http://ia.media-imdb.com/images/M/MV5BMTYxOTkyMDExNF5BMl5BanBnXkFtZTgwMzYwMzE0MzE@._V1_SY44_CR1,0,32,44_AL_.jpg','http://www.imdb.com/name/nm0377034'),('nm0381681','Marcus Hester','http://ia.media-imdb.com/images/M/MV5BMjM4NDQzOTQ4M15BMl5BanBnXkFtZTgwMTAzMzA3MTE@._V1_SX32_CR0,0,32,44_AL_.jpg','http://www.imdb.com/name/nm0381681'),('nm0382722','Dwayne Hickman','http://ia.media-imdb.com/images/M/MV5BMjE5MjM2Mjk3M15BMl5BanBnXkFtZTcwNDk2MTkyMQ@@._V1_SY44_CR0,0,32,44_AL_.jpg','http://www.imdb.com/name/nm0382722'),('nm0385860','Joaquín Hinojosa','','http://www.imdb.com/name/nm0385860'),('nm0388092','Patricia Hodge','http://ia.media-imdb.com/images/M/MV5BMTM4NDcxNDA5OF5BMl5BanBnXkFtZTcwNzk4MDExOA@@._V1_SX32_CR0,0,32,44_AL_.jpg','http://www.imdb.com/name/nm0388092'),('nm0388637','Frank Hof',NULL,NULL),('nm0390201','Jan Holden','','http://www.imdb.com/name/nm0390201'),('nm0390227','Larry Holden','','http://www.imdb.com/name/nm0390227'),('nm0390486','Daniel Holguín','','http://www.imdb.com/name/nm0390486'),('nm0391783','Christopher Holmes','','http://www.imdb.com/name/nm0391783'),('nm0395428','Anna Maria Horsford','http://ia.media-imdb.com/images/M/MV5BMTIyODkyNjkxN15BMl5BanBnXkFtZTcwODc3MDczMQ@@._V1_SY44_CR2,0,32,44_AL_.jpg','http://www.imdb.com/name/nm0395428'),('nm0396558','Nicholas Hoult','http://ia.media-imdb.com/images/M/MV5BMTUxMTYxNzMzNF5BMl5BanBnXkFtZTcwMTU0NTcxOQ@@._V1_SX32_CR0,0,32,44_AL_.jpg','http://www.imdb.com/name/nm0396558'),('nm0396713','Fred Housego','','http://www.imdb.com/name/nm0396713'),('nm0397128','Arthur Howard','','http://www.imdb.com/name/nm0397128'),('nm0397432','Ken Howard','http://ia.media-imdb.com/images/M/MV5BMTMyMDA4MDQ2M15BMl5BanBnXkFtZTcwMzQwNzU1Mw@@._V1_SY44_CR0,0,32,44_AL_.jpg','http://www.imdb.com/name/nm0397432'),('nm0398210','William Hoyland','','http://www.imdb.com/name/nm0398210'),('nm0399647','Roy Hudd','','http://www.imdb.com/name/nm0399647'),('nm0400804','Michael Hughes','','http://www.imdb.com/name/nm0400804'),('nm0402264','Leann Hunley','http://ia.media-imdb.com/images/M/MV5BMTI4NTg0MTc1NF5BMl5BanBnXkFtZTYwOTkzMjU0._V1_SY44_CR3,0,32,44_AL_.jpg','http://www.imdb.com/name/nm0402264'),('nm0402451','Gareth Hunt','','http://www.imdb.com/name/nm0402451'),('nm0404014','Waris Hussein',NULL,NULL),('nm0406991','Gwen Ifill','','http://www.imdb.com/name/nm0406991'),('nm0413052','Michael Jace','http://ia.media-imdb.com/images/M/MV5BMTkwNzgxNjkzN15BMl5BanBnXkFtZTcwNzgwMzExOA@@._V1_SX32_CR0,0,32,44_AL_.jpg','http://www.imdb.com/name/nm0413052'),('nm0413168','Hugh Jackman','http://ia.media-imdb.com/images/M/MV5BNDExMzIzNjk3Nl5BMl5BanBnXkFtZTcwOTE4NDU5OA@@._V1_SX32_CR0,0,32,44_AL_.jpg','http://www.imdb.com/name/nm0413168'),('nm0419750','Jennifer Jayne','','http://www.imdb.com/name/nm0419750'),('nm0420219','Paris Jefferson','http://ia.media-imdb.com/images/M/MV5BNDU3MzQ5OTQ2N15BMl5BanBnXkFtZTcwNTMxMDkwOQ@@._V1_SY44_CR2,0,32,44_AL_.jpg','http://www.imdb.com/name/nm0420219'),('nm0422710','Penn Jillette','http://ia.media-imdb.com/images/M/MV5BNTc3NzA2MDU0NF5BMl5BanBnXkFtZTYwODMyNzE2._V1_SY44_CR4,0,32,44_AL_.jpg','http://www.imdb.com/name/nm0422710'),('nm0424060','Scarlett Johansson','http://ia.media-imdb.com/images/M/MV5BMTM3OTUwMDYwNl5BMl5BanBnXkFtZTcwNTUyNzc3Nw@@._V1_SY44_CR2,0,32,44_AL_.jpg','http://www.imdb.com/name/nm0424060'),('nm0424118','John 5','http://ia.media-imdb.com/images/M/MV5BMTgxMTI5MDMxOF5BMl5BanBnXkFtZTYwNTAwMjA1._V1_SX32_CR0,0,32,44_AL_.jpg','http://www.imdb.com/name/nm0424118'),('nm0424320','Harriette Johns','','http://www.imdb.com/name/nm0424320'),('nm0425052','Eri Johnson','','http://www.imdb.com/name/nm0425052'),('nm0425524','Kelley Johnson','http://ia.media-imdb.com/images/M/MV5BMTQ5Mzg2NjUxMV5BMl5BanBnXkFtZTcwNTY0MzIzMQ@@._V1_SY44_CR1,0,32,44_AL_.jpg','http://www.imdb.com/name/nm0425524'),('nm0425543','Kenny Johnson','http://ia.media-imdb.com/images/M/MV5BMjE4MDI2MTM3OV5BMl5BanBnXkFtZTcwMzg0NDA4NA@@._V1_SX32_CR0,0,32,44_AL_.jpg','http://www.imdb.com/name/nm0425543'),('nm0426059','Rian Johnson',NULL,NULL),('nm0428787','Mary Jones','','http://www.imdb.com/name/nm0428787'),('nm0428923','Nathan Jones','http://ia.media-imdb.com/images/M/MV5BMTk2OTU4ODQzNl5BMl5BanBnXkFtZTcwNTY4MjgyMQ@@._V1_SY44_CR5,0,32,44_AL_.jpg','http://www.imdb.com/name/nm0428923'),('nm0429114','Richard T. Jones','http://ia.media-imdb.com/images/M/MV5BMTIwNTk3MzU0Ml5BMl5BanBnXkFtZTYwMDIwMzIz._V1_SX32_CR0,0,32,44_AL_.jpg','http://www.imdb.com/name/nm0429114'),('nm0439813','Jay Karnes','http://ia.media-imdb.com/images/M/MV5BMTYwODU2MDkxNV5BMl5BanBnXkFtZTcwNjE1MjcyOA@@._V1_SY44_CR1,0,32,44_AL_.jpg','http://www.imdb.com/name/nm0439813'),('nm0440458','Jake Kasdan',NULL,NULL),('nm0440661','Harold Kasket','','http://www.imdb.com/name/nm0440661'),('nm0443120','Lisa Kay','http://ia.media-imdb.com/images/M/MV5BMTQ2NDExNzY1MV5BMl5BanBnXkFtZTcwNjM2NTc0Mw@@._V1_SY44_CR1,0,32,44_AL_.jpg','http://www.imdb.com/name/nm0443120'),('nm0443268','Caren Kaye','','http://www.imdb.com/name/nm0443268'),('nm0447992','Deborah Kennedy','http://ia.media-imdb.com/images/M/MV5BMjA2MTc0NDg3MF5BMl5BanBnXkFtZTgwMTMzNjAxMTE@._V1_SY44_CR1,0,32,44_AL_.jpg','http://www.imdb.com/name/nm0447992'),('nm0450116','Brian Kerwin','http://ia.media-imdb.com/images/M/MV5BMTcwMDYyMTc3NV5BMl5BanBnXkFtZTgwMzE1OTU2MTE@._V1_SX32_CR0,0,32,44_AL_.jpg','http://www.imdb.com/name/nm0450116'),('nm0453115','Taran Killam','http://ia.media-imdb.com/images/M/MV5BMjI0ODk2MjgyNV5BMl5BanBnXkFtZTgwMzg0MDM3MTE@._V1_SX32_CR0,0,32,44_AL_.jpg','http://www.imdb.com/name/nm0453115'),('nm0461136','Keira Knightley','http://ia.media-imdb.com/images/M/MV5BMTYwNDM0NDA3M15BMl5BanBnXkFtZTcwNTkzMjQ3OA@@._V1_SX32_CR0,0,32,44_AL_.jpg','http://www.imdb.com/name/nm0461136'),('nm0461785','Juliana Knust','','http://www.imdb.com/name/nm0461785'),('nm0472710','David Krumholtz','http://ia.media-imdb.com/images/M/MV5BMTk0OTE5OTA4NV5BMl5BanBnXkFtZTgwNTQ3NTY0MjE@._V1_SX32_CR0,0,32,44_AL_.jpg','http://www.imdb.com/name/nm0472710'),('nm0479471','Shia LaBeouf','http://ia.media-imdb.com/images/M/MV5BMjIzODQ3NzczNF5BMl5BanBnXkFtZTgwODQ1NzY1MjE@._V1_SY44_CR1,0,32,44_AL_.jpg','http://www.imdb.com/name/nm0479471'),('nm0480086','Anthony Laciura','http://ia.media-imdb.com/images/M/MV5BMTgyMzIxNzQxNF5BMl5BanBnXkFtZTcwODA0MTg2OA@@._V1_SY44_CR1,0,32,44_AL_.jpg','http://www.imdb.com/name/nm0480086'),('nm0480808','Sandra Ellis Lafferty','http://ia.media-imdb.com/images/M/MV5BMTUzODI2ODEzOF5BMl5BanBnXkFtZTcwMTIyNzE2MQ@@._V1_SX32_CR0,0,32,44_AL_.jpg','http://www.imdb.com/name/nm0480808'),('nm0483394','Lloyd Lamble','','http://www.imdb.com/name/nm0483394'),('nm0484178','Sarah Lancaster','http://ia.media-imdb.com/images/M/MV5BMTk0OTg1MjMwNF5BMl5BanBnXkFtZTgwNDE4NDU4MjE@._V1_SX32_CR0,0,32,44_AL_.jpg','http://www.imdb.com/name/nm0484178'),('nm0485771','Howard Lang','','http://www.imdb.com/name/nm0485771'),('nm0486732','David Langton','','http://www.imdb.com/name/nm0486732'),('nm0488954','Caroly Larson','','http://www.imdb.com/name/nm0488954'),('nm0490108','Philip Latham','','http://www.imdb.com/name/nm0490108'),('nm0490202','Hugh Latimer','','http://www.imdb.com/name/nm0490202'),('nm0491874','Ian Lavender','http://ia.media-imdb.com/images/M/MV5BMjExNzMwMzg2M15BMl5BanBnXkFtZTcwOTc1ODUzOA@@._V1_SX32_CR0,0,32,44_AL_.jpg','http://www.imdb.com/name/nm0491874'),('nm0493020','Shirley Lawrence','','http://www.imdb.com/name/nm0493020'),('nm0493521','Ana Layevska','http://ia.media-imdb.com/images/M/MV5BMjI4NzQwMTE2NV5BMl5BanBnXkFtZTcwOTA3ODU4OA@@._V1_SX32_CR0,0,32,44_AL_.jpg','http://www.imdb.com/name/nm0493521'),('nm0495672','Christian Jules Le Blanc','http://ia.media-imdb.com/images/M/MV5BMTQyMzQ1MDc4MF5BMl5BanBnXkFtZTgwMjc3MzkxMDE@._V1_SX32_CR0,0,32,44_AL_.jpg','http://www.imdb.com/name/nm0495672'),('nm0499095','Anthony Lefresne',NULL,NULL),('nm0499315','Alison Leggatt','','http://www.imdb.com/name/nm0499315'),('nm0499660','Val Lehman','http://ia.media-imdb.com/images/M/MV5BMjM4OTE0Njg2MF5BMl5BanBnXkFtZTgwMzUyMTA1MzE@._V1_SX32_CR0,0,32,44_AL_.jpg','http://www.imdb.com/name/nm0499660'),('nm0501185','Michael Lembeck','http://ia.media-imdb.com/images/M/MV5BMTkyNjkwNjQ1NF5BMl5BanBnXkFtZTcwMTgxOTAxMw@@._V1_SY44_CR17,0,32,44_AL_.jpg','http://www.imdb.com/name/nm0501185'),('nm0501306','Julie Lemieux','http://ia.media-imdb.com/images/M/MV5BMTQ5MDA4NTQ5MF5BMl5BanBnXkFtZTgwOTM2NjIxMDE@._V1_SY44_CR9,0,32,44_AL_.jpg','http://www.imdb.com/name/nm0501306'),('nm0501802','Nancy Lenehan','http://ia.media-imdb.com/images/M/MV5BNjMzNDEyMzEzNF5BMl5BanBnXkFtZTcwNzQ4OTI5Mg@@._V1_SY44_CR13,0,32,44_AL_.jpg','http://www.imdb.com/name/nm0501802'),('nm0503567','Logan Lerman','http://ia.media-imdb.com/images/M/MV5BMTI5NzI3MjEzN15BMl5BanBnXkFtZTcwMzI5NzAwMw@@._V1_SX32_CR0,0,32,44_AL_.jpg','http://www.imdb.com/name/nm0503567'),('nm0505632','John Levin','','http://www.imdb.com/name/nm0505632'),('nm0508139','Selenis Leyva','http://ia.media-imdb.com/images/M/MV5BMTQ0NjE5MDA0OV5BMl5BanBnXkFtZTgwNzAxMzY1MDE@._V1_SY44_CR1,0,32,44_AL_.jpg','http://www.imdb.com/name/nm0508139'),('nm0510731','Doug Liman',NULL,NULL),('nm0511721','Kate Linder','http://ia.media-imdb.com/images/M/MV5BMjE3MDY1MTQyMF5BMl5BanBnXkFtZTcwMzQyOTU1Mw@@._V1_SX32_CR0,0,32,44_AL_.jpg','http://www.imdb.com/name/nm0511721'),('nm0519338','Jeremy Longhurst','','http://www.imdb.com/name/nm0519338'),('nm0519554','David Lonsdale','','http://www.imdb.com/name/nm0519554'),('nm0520467','Marjorie Lord','http://ia.media-imdb.com/images/M/MV5BMTM1NzAwNTczMF5BMl5BanBnXkFtZTcwMzQ2MjIyOA@@._V1_SX32_CR0,0,32,44_AL_.jpg','http://www.imdb.com/name/nm0520467'),('nm0522715','Rodney Lovick','','http://www.imdb.com/name/nm0522715'),('nm0523832','Robert Lussier','','http://www.imdb.com/name/nm0523832'),('nm0524745','Thad Luckinbill','http://ia.media-imdb.com/images/M/MV5BMjA5NTEwNDQ5N15BMl5BanBnXkFtZTcwNTk0NjIzMQ@@._V1_SX32_CR0,0,32,44_AL_.jpg','http://www.imdb.com/name/nm0524745'),('nm0525567','Steve Lukather','http://ia.media-imdb.com/images/M/MV5BMTk3NTk0MjQwMF5BMl5BanBnXkFtZTcwNzcwMzc1MQ@@._V1_SX32_CR0,0,32,44_AL_.jpg','http://www.imdb.com/name/nm0525567'),('nm0525966','Geoffrey Lumsden','','http://www.imdb.com/name/nm0525966'),('nm0531808','Kelly Macdonald','http://ia.media-imdb.com/images/M/MV5BMjE0ODMzMjMyOV5BMl5BanBnXkFtZTcwMTYzNTA0NA@@._V1_SX32_CR0,0,32,44_AL_.jpg','http://www.imdb.com/name/nm0531808'),('nm0533367','Mary Mackenzie','','http://www.imdb.com/name/nm0533367'),('nm0533961','Dermot MacMahon','','http://www.imdb.com/name/nm0533961'),('nm0534174','Stuart Maconie','','http://www.imdb.com/name/nm0534174'),('nm0534779','Richard Madeley','','http://www.imdb.com/name/nm0534779'),('nm0536364','Bengt Magnusson','','http://www.imdb.com/name/nm0536364'),('nm0536392','Magnus Magnusson','','http://www.imdb.com/name/nm0536392'),('nm0536574','George Maguire','http://ia.media-imdb.com/images/M/MV5BMTM1NzQ4MjY5OF5BMl5BanBnXkFtZTcwNjA3MjM2NA@@._V1_SX32_CR0,0,32,44_AL_.jpg','http://www.imdb.com/name/nm0536574'),('nm0536781','George Maharis','http://ia.media-imdb.com/images/M/MV5BMTUxNjY0NjIzOV5BMl5BanBnXkFtZTcwMDUyMDIyOA@@._V1_SY44_CR3,0,32,44_AL_.jpg','http://www.imdb.com/name/nm0536781'),('nm0539082','Romany Malco','http://ia.media-imdb.com/images/M/MV5BMTc1NzUzODMyM15BMl5BanBnXkFtZTgwMjM0MTQ1MzE@._V1_SY44_CR1,0,32,44_AL_.jpg','http://www.imdb.com/name/nm0539082'),('nm0539155','Paula Malcomson','http://ia.media-imdb.com/images/M/MV5BMTcxODQyNzEwMl5BMl5BanBnXkFtZTcwNDU1NDMwNQ@@._V1_SX32_CR0,0,32,44_AL_.jpg','http://www.imdb.com/name/nm0539155'),('nm0540441','Jena Malone','http://ia.media-imdb.com/images/M/MV5BMTU0NDM5OTE0N15BMl5BanBnXkFtZTcwMzMzNjM0Nw@@._V1_SY44_CR2,0,32,44_AL_.jpg','http://www.imdb.com/name/nm0540441'),('nm0541510','Ric Mancini','','http://www.imdb.com/name/nm0541510'),('nm0543383','Taryn Manning','http://ia.media-imdb.com/images/M/MV5BMjE0OTQxNDk3OV5BMl5BanBnXkFtZTcwNTU2NDY3Mw@@._V1_SX32_CR0,0,32,44_AL_.jpg','http://www.imdb.com/name/nm0543383'),('nm0544334','Lesley Manville','http://ia.media-imdb.com/images/M/MV5BMTQ3NTU0OTc1OF5BMl5BanBnXkFtZTcwNzU5MTA3NA@@._V1_SX32_CR0,0,32,44_AL_.jpg','http://www.imdb.com/name/nm0544334'),('nm0544718','Kate Mara','http://ia.media-imdb.com/images/M/MV5BMTQ5NjIxNTY2MF5BMl5BanBnXkFtZTcwNjA1NDg3Mw@@._V1._CR207.1875,88.62216186523438,468,617.9999847412109_SY44_CR0,0,32,44_AL_.jpg','http://www.imdb.com/name/nm0544718'),('nm0545335','Stephanie March','http://ia.media-imdb.com/images/M/MV5BMTU2OTcyMTg0N15BMl5BanBnXkFtZTcwMzQwMzg5Mg@@._V1_SX32_CR0,0,32,44_AL_.jpg','http://www.imdb.com/name/nm0545335'),('nm0545687','David Marciano','http://ia.media-imdb.com/images/M/MV5BMTQzMDMwMjAyMV5BMl5BanBnXkFtZTcwMTg2NTg2OA@@._V1_SX32_CR0,0,32,44_AL_.jpg','http://www.imdb.com/name/nm0545687'),('nm0546797','Mark Margolis','http://ia.media-imdb.com/images/M/MV5BMjE2NzMzMjk1N15BMl5BanBnXkFtZTcwOTQyNDgyMQ@@._V1_SY44_CR1,0,32,44_AL_.jpg','http://www.imdb.com/name/nm0546797'),('nm0549538','Adoni Maropis','http://ia.media-imdb.com/images/M/MV5BMTg2MDcxMDE5Nl5BMl5BanBnXkFtZTgwNDQxMDg0MTE@._V1_SY44_CR1,0,32,44_AL_.jpg','http://www.imdb.com/name/nm0549538'),('nm0550204','Sylvia Marriott','','http://www.imdb.com/name/nm0550204'),('nm0550694','Judy Marshak','','http://www.imdb.com/name/nm0550694'),('nm0551631','Mônica Martelli','','http://www.imdb.com/name/nm0551631'),('nm0552533','John Martin','','http://www.imdb.com/name/nm0552533'),('nm0553468','Benito Martinez','http://ia.media-imdb.com/images/M/MV5BMTc4NDkzMjc4OV5BMl5BanBnXkFtZTcwMDMyMTM0OA@@._V1_SY44_CR17,0,32,44_AL_.jpg','http://www.imdb.com/name/nm0553468'),('nm0554047','Humberto Martins','','http://www.imdb.com/name/nm0554047'),('nm0556808','Laurence Mason','http://ia.media-imdb.com/images/M/MV5BMjA3MTI1MzQ3OV5BMl5BanBnXkFtZTcwODYxNDMyNw@@._V1_SY44_CR3,0,32,44_AL_.jpg','http://www.imdb.com/name/nm0556808'),('nm0560056','Jessie Matthews','http://ia.media-imdb.com/images/M/MV5BMTU2NTc4OTQzM15BMl5BanBnXkFtZTgwNTQxNjA1MjE@._V1_SY44_CR1,0,32,44_AL_.jpg','http://www.imdb.com/name/nm0560056'),('nm0560789','Gillian Maude','','http://www.imdb.com/name/nm0560789'),('nm0561718','James Maxwell','','http://www.imdb.com/name/nm0561718'),('nm0564215','James McAvoy','http://ia.media-imdb.com/images/M/MV5BMTQzNzIxOTYzMl5BMl5BanBnXkFtZTcwNjYxNTk1Nw@@._V1_SY44_CR1,0,32,44_AL_.jpg','http://www.imdb.com/name/nm0564215'),('nm0565971','Bryton James','http://ia.media-imdb.com/images/M/MV5BMTQ4MDc5OTYyOV5BMl5BanBnXkFtZTcwNjQwOTk0NA@@._V1_SY44_CR17,0,32,44_AL_.jpg','http://www.imdb.com/name/nm0565971'),('nm0566052','Edie McClurg','http://ia.media-imdb.com/images/M/MV5BMTIwNjU3OTg0OF5BMl5BanBnXkFyZXN1bWU@._V1_SX32_CR0,0,32,44_AL_.jpg','http://www.imdb.com/name/nm0566052'),('nm0566393','Scott McCord','http://ia.media-imdb.com/images/M/MV5BMTcyMDMxNzM3OV5BMl5BanBnXkFtZTcwMDY3MDMwOQ@@._V1_SX32_CR0,0,32,44_AL_.jpg','http://www.imdb.com/name/nm0566393'),('nm0566939','Ann McCrea','','http://www.imdb.com/name/nm0566939'),('nm0567993','Sally McDonald',NULL,NULL),('nm0568262','Betty McDowall','','http://www.imdb.com/name/nm0568262'),('nm0568339','Matthew McDuffie','http://ia.media-imdb.com/images/M/MV5BNzkyODgxOTgyOV5BMl5BanBnXkFtZTgwODU0OTMyMDE@._V1_SX32_CR0,0,32,44_AL_.jpg','http://www.imdb.com/name/nm0568339'),('nm0568682','Joe McFadden','http://ia.media-imdb.com/images/M/MV5BNjE4MTIyNzM0NF5BMl5BanBnXkFtZTcwMzcwNTMzMQ@@._V1_SY44_CR2,0,32,44_AL_.jpg','http://www.imdb.com/name/nm0568682'),('nm0568801','Colin McFarlane','http://ia.media-imdb.com/images/M/MV5BMTI3NDI3NzM5Ml5BMl5BanBnXkFtZTYwMDc2NDI0._V1_SX32_CR0,0,32,44_AL_.jpg','http://www.imdb.com/name/nm0568801'),('nm0570884','Duff McKagan','http://ia.media-imdb.com/images/M/MV5BMTgwNjM5MjUxOV5BMl5BanBnXkFtZTYwODE3MDE0._V1_SX32_CR0,0,32,44_AL_.jpg','http://www.imdb.com/name/nm0570884'),('nm0572224','John McLaren','','http://www.imdb.com/name/nm0572224'),('nm0572349','John McLaughlin','','http://www.imdb.com/name/nm0572349'),('nm0573134','Don McManus','http://ia.media-imdb.com/images/M/MV5BMTUxMjU2NTY0NF5BMl5BanBnXkFtZTgwOTM3NTcyMzE@._V1_SY44_CR14,0,32,44_AL_.jpg','http://www.imdb.com/name/nm0573134'),('nm0578154','Andree Melly','','http://www.imdb.com/name/nm0578154'),('nm0578412','Sid Melton','http://ia.media-imdb.com/images/M/MV5BMjE1NjYxNjg0Ml5BMl5BanBnXkFtZTcwNTkyMDYzNw@@._V1_SY44_CR2,0,32,44_AL_.jpg','http://www.imdb.com/name/nm0578412'),('nm0578853','Ben Mendelsohn','http://ia.media-imdb.com/images/M/MV5BMjA3NzcyMDcyMF5BMl5BanBnXkFtZTcwNjQwMTczMQ@@._V1_SX32_CR0,0,32,44_AL_.jpg','http://www.imdb.com/name/nm0578853'),('nm0579318','Linda Mendoza',NULL,NULL),('nm0579953','Idina Menzel','http://ia.media-imdb.com/images/M/MV5BMTM3MTUyMzM4OF5BMl5BanBnXkFtZTYwNzMwOTI4._V1_SX32_CR0,0,32,44_AL_.jpg','http://www.imdb.com/name/nm0579953'),('nm0580607','Lee Meredith','http://ia.media-imdb.com/images/M/MV5BNDgyMTE3MDgwNl5BMl5BanBnXkFtZTcwNDE0MjAyOQ@@._V1_SX32_CR0,0,32,44_AL_.jpg','http://www.imdb.com/name/nm0580607'),('nm0581674','William Mervyn','','http://www.imdb.com/name/nm0581674'),('nm0583515','Dave Meyers','http://ia.media-imdb.com/images/M/MV5BMTk5NTg1OTk5OF5BMl5BanBnXkFtZTYwNDg4Mjc2._V1_SY44_CR17,0,32,44_AL_.jpg','http://www.imdb.com/name/nm0583515'),('nm0584566','Kari Michaelsen','','http://www.imdb.com/name/nm0584566'),('nm0587884','Andrew Miller',NULL,NULL),('nm0596350','Fana Mokoena','http://ia.media-imdb.com/images/M/MV5BMTQxNTY0NjYzNl5BMl5BanBnXkFtZTcwNDExMjY2OQ@@._V1_SY44_CR17,0,32,44_AL_.jpg','http://www.imdb.com/name/nm0596350'),('nm0606998','Wayne Morris','http://ia.media-imdb.com/images/M/MV5BMTQ3MDU5OTAxN15BMl5BanBnXkFtZTcwNzU2NDMxOA@@._V1_SX32_CR0,0,32,44_AL_.jpg','http://www.imdb.com/name/nm0606998'),('nm0607185','Jennifer Morrison','http://ia.media-imdb.com/images/M/MV5BMTI0OTI2MTY0OF5BMl5BanBnXkFtZTcwNTExMTM5MQ@@._V1_SX32_CR0,0,32,44_AL_.jpg','http://www.imdb.com/name/nm0607185'),('nm0607510','Joshua Morrow','','http://www.imdb.com/name/nm0607510'),('nm0608623','Sam Moses','','http://www.imdb.com/name/nm0608623'),('nm0610302','Hugh Moxey','','http://www.imdb.com/name/nm0610302'),('nm0614165','Cillian Murphy','http://ia.media-imdb.com/images/M/MV5BMjAzMzYyOTMyN15BMl5BanBnXkFtZTcwMTc3MjM4OA@@._V1_SX32_CR0,0,32,44_AL_.jpg','http://www.imdb.com/name/nm0614165'),('nm0614195','Dean Murphy',NULL,NULL),('nm0614283','Gerard Murphy','http://ia.media-imdb.com/images/M/MV5BMTU5OTI0OTgxMF5BMl5BanBnXkFtZTgwMDkzNDcxMzE@._V1_SY44_CR1,0,32,44_AL_.jpg','http://www.imdb.com/name/nm0614283'),('nm0614966','Gordon Murray',NULL,NULL),('nm0618690','Matheus Nachtergaele','','http://www.imdb.com/name/nm0618690'),('nm0619440','Bill Nagy','','http://www.imdb.com/name/nm0619440'),('nm0623762','Christopher Neame','http://ia.media-imdb.com/images/M/MV5BMjIzMTUwOTM5OF5BMl5BanBnXkFtZTgwMzg5MDY1MTE@._V1_SX32_CR0,0,32,44_AL_.jpg','http://www.imdb.com/name/nm0623762'),('nm0625379','Gary Nelson',NULL,NULL),('nm0625789','Tim Blake Nelson','http://ia.media-imdb.com/images/M/MV5BMTk0ODkwNjM5M15BMl5BanBnXkFtZTcwNzQ3NjgyMw@@._V1_SX32_CR0,0,32,44_AL_.jpg','http://www.imdb.com/name/nm0625789'),('nm0627492','Brooke Nevin','http://ia.media-imdb.com/images/M/MV5BMTg3NzIzNTAxOV5BMl5BanBnXkFtZTcwMzMxMTYzOQ@@._V1_SX32_CR0,0,32,44_AL_.jpg','http://www.imdb.com/name/nm0627492'),('nm0628761','Geeling Ng','','http://www.imdb.com/name/nm0628761'),('nm0630435','Kristina Nicoll','','http://www.imdb.com/name/nm0630435'),('nm0632888','Brian Nissen','','http://www.imdb.com/name/nm0632888'),('nm0634240','Christopher Nolan',NULL,NULL),('nm0636800','Marcello Novaes','','http://www.imdb.com/name/nm0636800'),('nm0637777','Cameron Nugent','','http://www.imdb.com/name/nm0637777'),('nm0640147','Patrick O\'Connell','','http://www.imdb.com/name/nm0640147'),('nm0640249','Bill O\'Connor','','http://www.imdb.com/name/nm0640249'),('nm0641354','Denis O\'Hare','http://ia.media-imdb.com/images/M/MV5BMTk5ODM4NzU1NV5BMl5BanBnXkFtZTcwMTQwNzQzMg@@._V1_SX32_CR0,0,32,44_AL_.jpg','http://www.imdb.com/name/nm0641354'),('nm0647634','Elizabeth Olsen','http://ia.media-imdb.com/images/M/MV5BMjEzMjA0ODk1OF5BMl5BanBnXkFtZTcwMTA4ODM3OQ@@._V1_SX32_CR0,0,32,44_AL_.jpg','http://www.imdb.com/name/nm0647634'),('nm0655945','Juliana Paes','','http://www.imdb.com/name/nm0655945'),('nm0656447','Cicely Paget-Bowman','','http://www.imdb.com/name/nm0656447'),('nm0657760','Aleksa Palladino','http://ia.media-imdb.com/images/M/MV5BMjE4MDc3MDA1OF5BMl5BanBnXkFtZTcwMzAyMTc1OQ@@._V1_SY44_CR0,0,32,44_AL_.jpg','http://www.imdb.com/name/nm0657760'),('nm0666739','Aaron Paul','http://ia.media-imdb.com/images/M/MV5BMTY1OTY5NjI5NV5BMl5BanBnXkFtZTcwODA4MjM0OA@@._V1_SX32_CR0,0,32,44_AL_.jpg','http://www.imdb.com/name/nm0666739'),('nm0670639','Floriano Peixoto','','http://www.imdb.com/name/nm0670639'),('nm0671567','Michael Peña','http://ia.media-imdb.com/images/M/MV5BMTczNzcxNTE5NV5BMl5BanBnXkFtZTcwOTE4MTMzMQ@@._V1_SY44_CR1,0,32,44_AL_.jpg','http://www.imdb.com/name/nm0671567'),('nm0672297','Tricia Penrose','','http://www.imdb.com/name/nm0672297'),('nm0673144','Javier Pereira','','http://www.imdb.com/name/nm0673144'),('nm0675723','Bill Pertwee','http://ia.media-imdb.com/images/M/MV5BMjEwMTc1MDIyOV5BMl5BanBnXkFtZTcwMzg1ODUzOA@@._V1_SX32_CR0,0,32,44_AL_.jpg','http://www.imdb.com/name/nm0675723'),('nm0677440','Wally Peterson','','http://www.imdb.com/name/nm0677440'),('nm0679714','Anne Phelan','','http://www.imdb.com/name/nm0679714'),('nm0680515','John Phillips','','http://www.imdb.com/name/nm0680515'),('nm0680645','Michelle Phillips','http://ia.media-imdb.com/images/M/MV5BMTc3OTc0MDg2N15BMl5BanBnXkFtZTYwMTE4NzYz._V1_SX32_CR0,0,32,44_AL_.jpg','http://www.imdb.com/name/nm0680645'),('nm0680983','Ellen Page','http://ia.media-imdb.com/images/M/MV5BMTU3MzM3MDYzMV5BMl5BanBnXkFtZTcwNzk1Mzc3NA@@._V1_SX32_CR0,0,32,44_AL_.jpg','http://www.imdb.com/name/nm0680983'),('nm0682063','Jim Piddock','http://ia.media-imdb.com/images/M/MV5BMTA4NTYxMjA3NTleQTJeQWpwZ15BbWU4MDExMDU2MTIx._V1_SY44_CR16,0,32,44_AL_.jpg','http://www.imdb.com/name/nm0682063'),('nm0683986','Robert Pine','http://ia.media-imdb.com/images/M/MV5BMjEwMjczOTQzNF5BMl5BanBnXkFtZTcwOTEwMDc0Mw@@._V1_SY44_CR1,0,32,44_AL_.jpg','http://www.imdb.com/name/nm0683986'),('nm0685694','Wensley Pithey','','http://www.imdb.com/name/nm0685694'),('nm0685856','Michael Pitt','http://ia.media-imdb.com/images/M/MV5BMTczMDM3MTE1M15BMl5BanBnXkFtZTcwOTI4Njg2Ng@@._V1_SX32_CR0,0,32,44_AL_.jpg','http://www.imdb.com/name/nm0685856'),('nm0688577','Pierre Poirot','','http://www.imdb.com/name/nm0688577'),('nm0688982','Zezé Polessa','','http://www.imdb.com/name/nm0688982'),('nm0690905','Olaf Pooley','','http://www.imdb.com/name/nm0690905'),('nm0692927','Oliver Postgate','','http://www.imdb.com/name/nm0692927'),('nm0695435','Chris Pratt','http://ia.media-imdb.com/images/M/MV5BNzg3MTgwOTgzMV5BMl5BanBnXkFtZTgwODIxMTUwMjE@._V1_SX32_CR0,0,32,44_AL_.jpg','http://www.imdb.com/name/nm0695435'),('nm0696059','Laura Prepon','http://ia.media-imdb.com/images/M/MV5BNjUxNjcxMjE4N15BMl5BanBnXkFtZTgwNDk4NjA2MzE@._V1_SY44_CR1,0,32,44_AL_.jpg','http://www.imdb.com/name/nm0696059'),('nm0696395','Cynthia Preston','http://ia.media-imdb.com/images/M/MV5BNDA1NTE5MjcwNl5BMl5BanBnXkFtZTcwMzIxNDUwNw@@._V1_SY44_CR1,0,32,44_AL_.jpg','http://www.imdb.com/name/nm0696395'),('nm0697158','Star Price',NULL,NULL),('nm0702798','John Qualen','http://ia.media-imdb.com/images/M/MV5BMjEyNjg1NTM5Ml5BMl5BanBnXkFtZTcwNjkxNzYxOA@@._V1_SX32_CR0,0,32,44_AL_.jpg','http://www.imdb.com/name/nm0702798'),('nm0703336','Chantal Quesnelle','http://ia.media-imdb.com/images/M/MV5BMTM1NzY3ODQ4M15BMl5BanBnXkFtZTcwNDIxMzIxOA@@._V1_SX32_CR0,0,32,44_AL_.jpg','http://www.imdb.com/name/nm0703336'),('nm0705569','Vladimir Radian','','http://www.imdb.com/name/nm0705569'),('nm0706518','Robert Raglan','','http://www.imdb.com/name/nm0706518'),('nm0706858','Robert Raikes','','http://www.imdb.com/name/nm0706858'),('nm0711559','Victor Rasuk','http://ia.media-imdb.com/images/M/MV5BMjEyNDg3ODE0MV5BMl5BanBnXkFtZTgwMTU2NTgxMDE@._V1_SX32_CR0,0,32,44_AL_.jpg','http://www.imdb.com/name/nm0711559'),('nm0712375','Soraya Ravenle','','http://www.imdb.com/name/nm0712375'),('nm0712738','Andrew Ray','','http://www.imdb.com/name/nm0712738'),('nm0715953','Roger Rees','http://ia.media-imdb.com/images/M/MV5BMjAxMjIwODkxOV5BMl5BanBnXkFtZTcwMjk0MjgyMQ@@._V1_SY44_CR17,0,32,44_AL_.jpg','http://www.imdb.com/name/nm0715953'),('nm0716275','Perrey Reeves','http://ia.media-imdb.com/images/M/MV5BMTM1NzM5MTI0OV5BMl5BanBnXkFtZTcwNDc5MzQzNw@@._V1_SY44_CR17,0,32,44_AL_.jpg','http://www.imdb.com/name/nm0716275'),('nm0717457','Trevor Reid','','http://www.imdb.com/name/nm0717457'),('nm0718481','Amanda Reiss','','http://www.imdb.com/name/nm0718481'),('nm0722279','Julian Rhind-Tutt','http://ia.media-imdb.com/images/M/MV5BMjE4NjU5NTAyNF5BMl5BanBnXkFtZTcwNjg5NTUwOA@@._V1_SY44_CR0,0,32,44_AL_.jpg','http://www.imdb.com/name/nm0722279'),('nm0726180','Eden Riegel','http://ia.media-imdb.com/images/M/MV5BMjAwNDc4NTIwNl5BMl5BanBnXkFtZTcwOTYxOTMwOQ@@._V1_SX32_CR0,0,32,44_AL_.jpg','http://www.imdb.com/name/nm0726180'),('nm0727165','Sam Riley','http://ia.media-imdb.com/images/M/MV5BMTczOTgwMzAxN15BMl5BanBnXkFtZTYwMjI4ODI4._V1_SX32_CR0,0,32,44_AL_.jpg','http://www.imdb.com/name/nm0727165'),('nm0730070','Linus Roache','http://ia.media-imdb.com/images/M/MV5BMTQ4Njc5MTk3NV5BMl5BanBnXkFtZTgwNDg3OTIxMjE@._V1_SX32_CR0,0,32,44_AL_.jpg','http://www.imdb.com/name/nm0730070'),('nm0730967','Cynthia Roberts','','http://www.imdb.com/name/nm0730967'),('nm0731092','Ewan Roberts','','http://www.imdb.com/name/nm0731092'),('nm0731957','Matthew Robertson','','http://www.imdb.com/name/nm0731957'),('nm0734668','Anton Rodgers','','http://www.imdb.com/name/nm0734668'),('nm0735300','Elizabeth Rodriguez','http://ia.media-imdb.com/images/M/MV5BMjAwODc2MDMyMF5BMl5BanBnXkFtZTcwNzgxMDIzMQ@@._V1_SX32_CR0,0,32,44_AL_.jpg','http://www.imdb.com/name/nm0735300'),('nm0736588','Tim Rogan',NULL,NULL),('nm0738379','Raymond Rollett','','http://www.imdb.com/name/nm0738379'),('nm0739175','Jim Rome','','http://www.imdb.com/name/nm0739175'),('nm0739423','Guillermo Romero','','http://www.imdb.com/name/nm0739423'),('nm0740264','Michael Rooker','http://ia.media-imdb.com/images/M/MV5BMTkwNDI5MjQ5MF5BMl5BanBnXkFtZTYwMjI1MTgz._V1_SY44_CR2,0,32,44_AL_.jpg','http://www.imdb.com/name/nm0740264'),('nm0740856','Murilo Rosa','','http://www.imdb.com/name/nm0740856'),('nm0741034','Bert Rosario','http://ia.media-imdb.com/images/M/MV5BNDYwMjA0NTA5NF5BMl5BanBnXkFtZTcwNDE5ODI2MQ@@._V1_SY44_CR0,0,32,44_AL_.jpg','http://www.imdb.com/name/nm0741034'),('nm0748973','Maya Rudolph','http://ia.media-imdb.com/images/M/MV5BMTMzOTQwMzAyOF5BMl5BanBnXkFtZTYwNzA1OTc0._V1_SX32_CR0,0,32,44_AL_.jpg','http://www.imdb.com/name/nm0748973'),('nm0752699','Mark Ryan','http://ia.media-imdb.com/images/M/MV5BMTQ4MjA4NTQwM15BMl5BanBnXkFtZTgwNjIzODkyMjE@._V1_SY44_CR1,0,32,44_AL_.jpg','http://www.imdb.com/name/nm0752699'),('nm0754992','Michael Saccente','','http://www.imdb.com/name/nm0754992'),('nm0757855','Zoe Saldana','http://ia.media-imdb.com/images/M/MV5BMjA4NDk1NTA1OV5BMl5BanBnXkFtZTcwMTIzMjQ4Ng@@._V1_SX32_CR0,0,32,44_AL_.jpg','http://www.imdb.com/name/nm0757855'),('nm0758130','Soupy Sales','http://ia.media-imdb.com/images/M/MV5BNzI5NzIzNjM3N15BMl5BanBnXkFtZTYwNTUzNTU2._V1_SY44_CR1,0,32,44_AL_.jpg','http://www.imdb.com/name/nm0758130'),('nm0759819','Madeleine Sami','http://ia.media-imdb.com/images/M/MV5BMTQ4ODA4NzE4OF5BMl5BanBnXkFtZTgwODkxNDQzMTE@._V1_SY44_CR1,0,32,44_AL_.jpg','http://www.imdb.com/name/nm0759819'),('nm0760214','Stacey Sampson','','http://www.imdb.com/name/nm0760214'),('nm0761816','Nikki Sanderson','','http://www.imdb.com/name/nm0761816'),('nm0761851','Christopher Sandford','','http://www.imdb.com/name/nm0761851'),('nm0762191','Nick Sandow','http://ia.media-imdb.com/images/M/MV5BMTg3NTc3MTI3Nl5BMl5BanBnXkFtZTcwMjEwMTU2OA@@._V1_SY44_CR17,0,32,44_AL_.jpg','http://www.imdb.com/name/nm0762191'),('nm0766755','Charles Saunders',NULL,NULL),('nm0767233','Abigail Savage','http://ia.media-imdb.com/images/M/MV5BMjA1ODQ0NzMyNl5BMl5BanBnXkFtZTcwNjY4MDIzOQ@@._V1_SY44_CR17,0,32,44_AL_.jpg','http://www.imdb.com/name/nm0767233'),('nm0773056','Kevin G. Schmidt','http://ia.media-imdb.com/images/M/MV5BMjI0NDM2ODU5Ml5BMl5BanBnXkFtZTgwOTIyNzMwMTE@._V1_SX32_CR0,0,32,44_AL_.jpg','http://www.imdb.com/name/nm0773056'),('nm0779427','Kelsey Scott','http://ia.media-imdb.com/images/M/MV5BMTcyNzk2Mzc0NV5BMl5BanBnXkFtZTgwNDQ0NDk0MDE@._V1_SY44_CR4,0,32,44_AL_.jpg','http://www.imdb.com/name/nm0779427'),('nm0779567','Melody Thomas Scott','http://ia.media-imdb.com/images/M/MV5BMTE5MzYyNjcwNF5BMl5BanBnXkFtZTYwMzMxOTk0._V1_SY44_CR1,0,32,44_AL_.jpg','http://www.imdb.com/name/nm0779567'),('nm0779781','Selina Scott','','http://www.imdb.com/name/nm0779781'),('nm0781115','Deborah Secco','http://ia.media-imdb.com/images/M/MV5BMjIzODYzOTY5OF5BMl5BanBnXkFtZTgwNjg0OTQ0MTE@._V1_SY44_CR17,0,32,44_AL_.jpg','http://www.imdb.com/name/nm0781115'),('nm0781183','Harry Secombe','','http://www.imdb.com/name/nm0781183'),('nm0781799','Jeffrey Segal','','http://www.imdb.com/name/nm0781799'),('nm0781899','Pamela Adlon','http://ia.media-imdb.com/images/M/MV5BMTQwMjE1MDY1OV5BMl5BanBnXkFtZTcwNjE2NTc5OA@@._V1_SY44_CR1,0,32,44_AL_.jpg','http://www.imdb.com/name/nm0781899'),('nm0781913','Noah Segan','http://ia.media-imdb.com/images/M/MV5BMTQ5NTE2ODI1OV5BMl5BanBnXkFtZTcwNjYzOTk0Ng@@._V1_SY44_CR1,0,32,44_AL_.jpg','http://www.imdb.com/name/nm0781913'),('nm0781981','Jason Segel','http://ia.media-imdb.com/images/M/MV5BMTUwNzcxNzM1Nl5BMl5BanBnXkFtZTgwNzA5NzU4MjE@._V1_SY44_CR0,0,32,44_AL_.jpg','http://www.imdb.com/name/nm0781981'),('nm0784007','Hun Sen','','http://www.imdb.com/name/nm0784007'),('nm0784818','Peter Serafinowicz','http://ia.media-imdb.com/images/M/MV5BMTg4OTM5NzI5NF5BMl5BanBnXkFtZTgwODgyMDA3MTE@._V1_SY44_CR6,0,32,44_AL_.jpg','http://www.imdb.com/name/nm0784818'),('nm0785227','Andy Serkis','http://ia.media-imdb.com/images/M/MV5BMTIwNzI2OTA3Nl5BMl5BanBnXkFtZTYwNDIwNzA1._V1_SX32_CR0,0,32,44_AL_.jpg','http://www.imdb.com/name/nm0785227'),('nm0785702','John Serret','','http://www.imdb.com/name/nm0785702'),('nm0786074','Bruce Seton','','http://www.imdb.com/name/nm0786074'),('nm0788335','Michael Shannon','http://ia.media-imdb.com/images/M/MV5BMTQzODk4MjU1NV5BMl5BanBnXkFtZTcwMDYwNjQzMg@@._V1_SX32_CR0,0,32,44_AL_.jpg','http://www.imdb.com/name/nm0788335'),('nm0789716','Fiona Shaw','http://ia.media-imdb.com/images/M/MV5BMjA0OTE5OTU2MV5BMl5BanBnXkFtZTcwNTk3NTc1NA@@._V1_SX32_CR0,0,32,44_AL_.jpg','http://www.imdb.com/name/nm0789716'),('nm0790702','Ireen Sheer','','http://www.imdb.com/name/nm0790702'),('nm0791401','Toby Shelton',NULL,NULL),('nm0793270','O\'Donovan Shiell','','http://www.imdb.com/name/nm0793270'),('nm0795344','John Shrapnel','http://ia.media-imdb.com/images/M/MV5BMjA4MTcxMTc5NF5BMl5BanBnXkFtZTcwODE2MDMwNA@@._V1_SY44_CR0,0,32,44_AL_.jpg','http://www.imdb.com/name/nm0795344'),('nm0795723','Constance Shulman','http://ia.media-imdb.com/images/M/MV5BMjMyNTAxMzM2MV5BMl5BanBnXkFtZTgwMjM1ODEwMjE@._V1_SX32_CR0,0,32,44_AL_.jpg','http://www.imdb.com/name/nm0795723'),('nm0798971','Sarah Silverman','http://ia.media-imdb.com/images/M/MV5BMTM2NzI3NTU5Nl5BMl5BanBnXkFtZTcwODkxODAwNA@@._V1_SY44_CR0,0,32,44_AL_.jpg','http://www.imdb.com/name/nm0798971'),('nm0800749','William Simons','','http://www.imdb.com/name/nm0800749'),('nm0802019','Rachel Singer','','http://www.imdb.com/name/nm0802019'),('nm0805298','Slash','http://ia.media-imdb.com/images/M/MV5BMTMxNzgxNTI5NF5BMl5BanBnXkFtZTYwMTAwNDQ1._V1_SX32_CR0,0,32,44_AL_.jpg','http://www.imdb.com/name/nm0805298'),('nm0807959','Di Smith','','http://www.imdb.com/name/nm0807959'),('nm0808559','Jacob Smith','http://ia.media-imdb.com/images/M/MV5BMzYzOTg3MzEyOV5BMl5BanBnXkFtZTYwNTIwMjgy._V1_SY44_CR1,0,32,44_AL_.jpg','http://www.imdb.com/name/nm0808559'),('nm0811027','David Rees Snell','http://ia.media-imdb.com/images/M/MV5BMTI2MjI2OTgyOV5BMl5BanBnXkFtZTYwNDQxNzgz._V1_SY44_CR0,0,32,44_AL_.jpg','http://www.imdb.com/name/nm0811027'),('nm0815529','Gabriel Soto','http://ia.media-imdb.com/images/M/MV5BMTI1NjE4NzgzM15BMl5BanBnXkFtZTYwMzE1MzIz._V1_SX32_CR0,0,32,44_AL_.jpg','http://www.imdb.com/name/nm0815529'),('nm0815718','Kath Soucie','http://ia.media-imdb.com/images/M/MV5BMTg1NjA1NDExMl5BMl5BanBnXkFtZTcwOTQ3ODUwOA@@._V1_SX32_CR0,0,32,44_AL_.jpg','http://www.imdb.com/name/nm0815718'),('nm0817027','Paul Sparks','http://ia.media-imdb.com/images/M/MV5BMTgzMTc1OTE4NF5BMl5BanBnXkFtZTcwOTY5NjY0OQ@@._V1_SX32_CR0,0,32,44_AL_.jpg','http://www.imdb.com/name/nm0817027'),('nm0819324','Simone Spoladore','','http://www.imdb.com/name/nm0819324'),('nm0823505','Freddie Starr','http://ia.media-imdb.com/images/M/MV5BMTM0MTQ3MzMzMV5BMl5BanBnXkFtZTcwODU1NjcxNw@@._V1_SY44_CR0,0,32,44_AL_.jpg','http://www.imdb.com/name/nm0823505'),('nm0824490','Barry Steele','','http://www.imdb.com/name/nm0824490'),('nm0828226','Amber Stevens','http://ia.media-imdb.com/images/M/MV5BMTMzNzU2NjE2OF5BMl5BanBnXkFtZTcwMzM0NjI4Ng@@._V1_SY44_CR0,0,32,44_AL_.jpg','http://www.imdb.com/name/nm0828226'),('nm0829440','Ian Stewart','','http://www.imdb.com/name/nm0829440'),('nm0831106','Joel Stoffer','http://ia.media-imdb.com/images/M/MV5BMjE2MDQ4MjM0M15BMl5BanBnXkFtZTcwNjI1NTIzOQ@@._V1_SY44_CR11,0,32,44_AL_.jpg','http://www.imdb.com/name/nm0831106'),('nm0832227','Yael Stone','http://ia.media-imdb.com/images/M/MV5BMTU5ODIxNzkyM15BMl5BanBnXkFtZTgwOTQ5MjY1MDE@._V1_SY44_CR1,0,32,44_AL_.jpg','http://www.imdb.com/name/nm0832227'),('nm0832325','Kevin Stoney','','http://www.imdb.com/name/nm0832325'),('nm0834074','George Street','','http://www.imdb.com/name/nm0834074'),('nm0834320','Melissa Stribling','http://ia.media-imdb.com/images/M/MV5BMTM5NTQ1NDU2M15BMl5BanBnXkFtZTcwMDIwMzYyOA@@._V1_SY44_CR6,0,32,44_AL_.jpg','http://www.imdb.com/name/nm0834320'),('nm0834419','Susan C. Strickler',NULL,NULL),('nm0834902','Robert Stromberg',NULL,NULL),('nm0834989','Jeremy Strong','http://ia.media-imdb.com/images/M/MV5BMTY0MjU1OTYxMV5BMl5BanBnXkFtZTgwOTQ0ODI0MzE@._V1_SX32_CR0,0,32,44_AL_.jpg','http://www.imdb.com/name/nm0834989'),('nm0835016','Mark Strong','http://ia.media-imdb.com/images/M/MV5BMTA2MzAyMDc2NTheQTJeQWpwZ15BbWU3MDUzNTQyNjg@._V1_SY44_CR2,0,32,44_AL_.jpg','http://www.imdb.com/name/nm0835016'),('nm0835144','Don Stroud','http://ia.media-imdb.com/images/M/MV5BMTM5MjUzMjI4OF5BMl5BanBnXkFtZTcwOTMzMDMyOA@@._V1_SX32_CR0,0,32,44_AL_.jpg','http://www.imdb.com/name/nm0835144'),('nm0836121','Michael Stuhlbarg','http://ia.media-imdb.com/images/M/MV5BNDcwMjA2MDMwM15BMl5BanBnXkFtZTcwNjU1NzE4Mg@@._V1_SX32_CR0,0,32,44_AL_.jpg','http://www.imdb.com/name/nm0836121'),('nm0836346','Olive Sturgess','','http://www.imdb.com/name/nm0836346'),('nm0837177','Jason Sudeikis','http://ia.media-imdb.com/images/M/MV5BMjM1NjIyNjExMV5BMl5BanBnXkFtZTgwOTQ4NzcyMDE@._V1_SX32_CR0,0,32,44_AL_.jpg','http://www.imdb.com/name/nm0837177'),('nm0839326','Daniel Sunjata','http://ia.media-imdb.com/images/M/MV5BMTU0OTg2MzA1NF5BMl5BanBnXkFtZTYwNTg5MzI0._V1_SX32_CR0,0,32,44_AL_.jpg','http://www.imdb.com/name/nm0839326'),('nm0842905','Alan Swyer',NULL,NULL),('nm0844679','Pepa Sánchez Biezma',NULL,NULL),('nm0848163','Steven Talley',NULL,NULL),('nm0850526','Jack Tarlton','http://ia.media-imdb.com/images/M/MV5BMTcxMjIyMjEyMl5BMl5BanBnXkFtZTgwNDQ5NTY1MzE@._V1_SY44_CR0,0,32,44_AL_.jpg','http://www.imdb.com/name/nm0850526'),('nm0852438','Gwen Taylor','http://ia.media-imdb.com/images/M/MV5BNzE0NDM1NTQ3OF5BMl5BanBnXkFtZTcwMzgwNjAyOA@@._V1_SY44_CR1,0,32,44_AL_.jpg','http://www.imdb.com/name/nm0852438'),('nm0852529','Jana Taylor','','http://www.imdb.com/name/nm0852529'),('nm0854418','Teller','http://ia.media-imdb.com/images/M/MV5BOTg5OTIzNjQyMV5BMl5BanBnXkFtZTcwMDk0NzgyMQ@@._V1_SY44_CR1,0,32,44_AL_.jpg','http://www.imdb.com/name/nm0854418'),('nm0858683','Danny Thomas','http://ia.media-imdb.com/images/M/MV5BMTY5NDg5MDQzNV5BMl5BanBnXkFtZTYwNDY2MTI2._V1_SX32_CR0,0,32,44_AL_.jpg','http://www.imdb.com/name/nm0858683'),('nm0860117','Eric Thompson','','http://www.imdb.com/name/nm0860117'),('nm0861381','Garry Thorne','','http://www.imdb.com/name/nm0861381'),('nm0864729','Melissa Tkautz','','http://www.imdb.com/name/nm0864729'),('nm0865709','Norman Tokar',NULL,NULL),('nm0868100','Christiane Torloni','','http://www.imdb.com/name/nm0868100'),('nm0871731','Frank Tregear','','http://www.imdb.com/name/nm0871731'),('nm0871811','Jorge Trejo','','http://www.imdb.com/name/nm0871811'),('nm0873755','Ruth Trouncer','','http://www.imdb.com/name/nm0873755'),('nm0876003','Sean Tucker','http://ia.media-imdb.com/images/M/MV5BMTIxNzA4MzI0Ml5BMl5BanBnXkFtZTcwNjU0ODQzMQ@@._V1_SY44_CR11,0,32,44_AL_.jpg','http://www.imdb.com/name/nm0876003'),('nm0876138','Alan Tudyk','http://ia.media-imdb.com/images/M/MV5BMjE0MzEwNDUxNV5BMl5BanBnXkFtZTcwNTE1MDAzOQ@@._V1_SX32_CR0,0,32,44_AL_.jpg','http://www.imdb.com/name/nm0876138'),('nm0878763','Morten Tyldum',NULL,NULL),('nm0885676','Stanley Van Beers','','http://www.imdb.com/name/nm0885676'),('nm0890055','Indira Varma','http://ia.media-imdb.com/images/M/MV5BMjAzMzAyNjE1Nl5BMl5BanBnXkFtZTcwNjYyOTI4Mw@@._V1_SY44_CR0,0,32,44_AL_.jpg','http://www.imdb.com/name/nm0890055'),('nm0894389','Brian Vermeire','http://ia.media-imdb.com/images/M/MV5BMTUwNTA1NTA3Ml5BMl5BanBnXkFtZTcwMzA5MjcyMQ@@._V1_SX32_CR0,0,32,44_AL_.jpg','http://www.imdb.com/name/nm0894389'),('nm0896019','Philip Vickers','','http://www.imdb.com/name/nm0896019'),('nm0897141','Herb Vigran','','http://www.imdb.com/name/nm0897141'),('nm0905357','Steven Waddington','http://ia.media-imdb.com/images/M/MV5BMTY0MjQ5NjE4Nl5BMl5BanBnXkFtZTcwMTYxMjU3OQ@@._V1_SX32_CR0,0,32,44_AL_.jpg','http://www.imdb.com/name/nm0905357'),('nm0906756','Amr Waked','http://ia.media-imdb.com/images/M/MV5BMTUwNzI2MDQxNl5BMl5BanBnXkFtZTcwMjE1Nzc1OA@@._V1_SX32_CR0,0,32,44_AL_.jpg','http://www.imdb.com/name/nm0906756'),('nm0908322','Zena Walker','','http://www.imdb.com/name/nm0908322'),('nm0909036','David Waller','','http://www.imdb.com/name/nm0909036'),('nm0910607','Christoph Waltz','http://ia.media-imdb.com/images/M/MV5BMTM4MDk3OTYxOF5BMl5BanBnXkFtZTcwMDk5OTUwOQ@@._V1_SY44_CR0,0,32,44_AL_.jpg','http://www.imdb.com/name/nm0910607'),('nm0911945','Rupert Ward-Lewis','','http://www.imdb.com/name/nm0911945'),('nm0912447','Derek Warner','','http://www.imdb.com/name/nm0912447'),('nm0913488','Kerry Washington','http://ia.media-imdb.com/images/M/MV5BMTUxNzk2OTQzOF5BMl5BanBnXkFtZTcwMTM0NjIwNw@@._V1_SY44_CR2,0,32,44_AL_.jpg','http://www.imdb.com/name/nm0913488'),('nm0913822','Ken Watanabe','http://ia.media-imdb.com/images/M/MV5BMTQzMTUzNjc4Nl5BMl5BanBnXkFtZTcwMTUyODU2Mw@@._V1_SX32_CR0,0,32,44_AL_.jpg','http://www.imdb.com/name/nm0913822'),('nm0914220','Gwen Watford','','http://www.imdb.com/name/nm0914220'),('nm0914612','Emma Watson','http://ia.media-imdb.com/images/M/MV5BMTQ3ODE2NTMxMV5BMl5BanBnXkFtZTgwOTIzOTQzMjE@._V1_SY44_CR2,0,32,44_AL_.jpg','http://www.imdb.com/name/nm0914612'),('nm0914806','Mills Watson','http://ia.media-imdb.com/images/M/MV5BMjA4MzUxNDk1M15BMl5BanBnXkFtZTcwMDE4MzAyOA@@._V1_SY44_CR0,0,32,44_AL_.jpg','http://www.imdb.com/name/nm0914806'),('nm0915458','Damon Wayans Jr.','http://ia.media-imdb.com/images/M/MV5BMjY0MTA3MzQwM15BMl5BanBnXkFtZTcwMzU4OTc1Mg@@._V1_SY44_CR0,0,32,44_AL_.jpg','http://www.imdb.com/name/nm0915458'),('nm0919363','Chris Weitz','http://ia.media-imdb.com/images/M/MV5BMjA2NTMxOTY2OF5BMl5BanBnXkFtZTYwODk4NDk3._V1_SX32_CR0,0,32,44_AL_.jpg','http://www.imdb.com/name/nm0919363'),('nm0920993','Jane Wenham','','http://www.imdb.com/name/nm0920993'),('nm0924154','Shea Whigham','http://ia.media-imdb.com/images/M/MV5BMTQ4MTg2NjE2MF5BMl5BanBnXkFtZTcwMzEzNTUyMQ@@._V1_SY44_CR3,0,32,44_AL_.jpg','http://www.imdb.com/name/nm0924154'),('nm0926336','Paul Whitney','http://ia.media-imdb.com/images/M/MV5BMjA4NzYyMTE5M15BMl5BanBnXkFtZTcwNjE1OTMzMQ@@._V1_SY44_CR1,0,32,44_AL_.jpg','http://www.imdb.com/name/nm0926336'),('nm0929489','Tom Wilkinson','http://ia.media-imdb.com/images/M/MV5BMTcxNzc0NzQyN15BMl5BanBnXkFtZTcwNjI1NDA2MQ@@._V1_SY44_CR0,0,32,44_AL_.jpg','http://www.imdb.com/name/nm0929489'),('nm0930261','Chris Williams',NULL,NULL),('nm0930595','Frank Williams','http://ia.media-imdb.com/images/M/MV5BMTc5NDU4OTQxMF5BMl5BanBnXkFtZTcwMTk1ODUzOA@@._V1_SX32_CR0,0,32,44_AL_.jpg','http://www.imdb.com/name/nm0930595'),('nm0931324','Michael Kenneth Williams','http://ia.media-imdb.com/images/M/MV5BMjAwNTg2NjA1Nl5BMl5BanBnXkFtZTcwMjQ4NzY5Mg@@._V1_SX32_CR0,0,32,44_AL_.jpg','http://www.imdb.com/name/nm0931324'),('nm0932969','Alec Wilson','','http://www.imdb.com/name/nm0932969'),('nm0935653','Ray Winstone','http://ia.media-imdb.com/images/M/MV5BMTc1NTM2MTU1OV5BMl5BanBnXkFtZTcwNDAzNTQyMw@@._V1_SY44_CR1,0,32,44_AL_.jpg','http://www.imdb.com/name/nm0935653'),('nm0937369','Terry Wogan','','http://www.imdb.com/name/nm0937369'),('nm0938028','Digby Wolfe','','http://www.imdb.com/name/nm0938028'),('nm0941582','Antony Worrall Thompson','','http://www.imdb.com/name/nm0941582'),('nm0942482','Jeffrey Wright','http://ia.media-imdb.com/images/M/MV5BMTg0ODMzMzIyN15BMl5BanBnXkFtZTcwMTQxNTI4Mw@@._V1_SX32_CR0,0,32,44_AL_.jpg','http://www.imdb.com/name/nm0942482'),('nm0944543','Mariana Ximenes','','http://www.imdb.com/name/nm0944543'),('nm0944647','Qing Xu','http://ia.media-imdb.com/images/M/MV5BNzM2MTQ0MDcwN15BMl5BanBnXkFtZTcwNDMzMDY1OA@@._V1_SY44_CR17,0,32,44_AL_.jpg','http://www.imdb.com/name/nm0944647'),('nm0949996','Rik Young','http://ia.media-imdb.com/images/M/MV5BMTc0MjAyNDgzMl5BMl5BanBnXkFtZTgwMDc2MDI1MzE@._V1_SX32_CR0,0,32,44_AL_.jpg','http://www.imdb.com/name/nm0949996'),('nm0951471','Grace Zabriskie','http://ia.media-imdb.com/images/M/MV5BMTQ5MDU3MzUyN15BMl5BanBnXkFtZTcwODc2NzcyMQ@@._V1_SY44_CR1,0,32,44_AL_.jpg','http://www.imdb.com/name/nm0951471'),('nm0971043','Mike Loder','','http://www.imdb.com/name/nm0971043'),('nm0971153','Alex Potter','','http://www.imdb.com/name/nm0971153'),('nm0991810','Mahershala Ali','http://ia.media-imdb.com/images/M/MV5BNDg4OTczODE5Nl5BMl5BanBnXkFtZTcwMjgwMjA0Mg@@._V1_SY44_CR3,0,32,44_AL_.jpg','http://www.imdb.com/name/nm0991810'),('nm0991910','Blair McDonough','http://ia.media-imdb.com/images/M/MV5BMTkzMDc3NzQyN15BMl5BanBnXkFtZTgwOTAzNTE0MDE@._V1_SX32_CR0,0,32,44_AL_.jpg','http://www.imdb.com/name/nm0991910'),('nm0994092','Daniel Paquet Davis','','http://www.imdb.com/name/nm0994092'),('nm0997388','Pascal Loison','','http://www.imdb.com/name/nm0997388'),('nm1002361','Chris Wilson','','http://www.imdb.com/name/nm1002361'),('nm1004156','Glynn Christian','','http://www.imdb.com/name/nm1004156'),('nm1005521','Russell Grant','','http://www.imdb.com/name/nm1005521'),('nm1005771','Diana Moran','','http://www.imdb.com/name/nm1005771'),('nm1009277','Dax Shepard','http://ia.media-imdb.com/images/M/MV5BOTQ5Mzg5OTg5N15BMl5BanBnXkFtZTcwODI2MjA0OQ@@._V1_SX32_CR0,0,32,44_AL_.jpg','http://www.imdb.com/name/nm1009277'),('nm1010931','Monique Gabriela Curnen','http://ia.media-imdb.com/images/M/MV5BMjE2NTcxODA2Nl5BMl5BanBnXkFtZTcwODE1OTQ4Mg@@._V1_SX32_CR0,0,32,44_AL_.jpg','http://www.imdb.com/name/nm1010931'),('nm1015262','Leighton Meester','http://ia.media-imdb.com/images/M/MV5BMjMxNDc2MTk1MF5BMl5BanBnXkFtZTcwMTQ2MjgwOQ@@._V1_SX32_CR0,0,32,44_AL_.jpg','http://www.imdb.com/name/nm1015262'),('nm1015349','Jesús Noguero','','http://www.imdb.com/name/nm1015349'),('nm1015915','Jonathan Bailey','','http://www.imdb.com/name/nm1015915'),('nm1017334','Juno Temple','http://ia.media-imdb.com/images/M/MV5BMTg5OTE0NDgyM15BMl5BanBnXkFtZTgwMzI4NzY5MDE@._V1_SX32_CR0,0,32,44_AL_.jpg','http://www.imdb.com/name/nm1017334'),('nm1020089','Sally Hawkins','http://ia.media-imdb.com/images/M/MV5BODE4MDE0MDEzMl5BMl5BanBnXkFtZTgwNjI1NTU5MDE@._V1_SY44_CR1,0,32,44_AL_.jpg','http://www.imdb.com/name/nm1020089'),('nm1032473','Thomas Brodie-Sangster','http://ia.media-imdb.com/images/M/MV5BMTM4OTUyMzY0OV5BMl5BanBnXkFtZTcwMTEyMTUwOA@@._V1_SX32_CR0,0,32,44_AL_.jpg','http://www.imdb.com/name/nm1032473'),('nm1032567','Pablo Schreiber','http://ia.media-imdb.com/images/M/MV5BMTc2MTM2MjQ3OF5BMl5BanBnXkFtZTcwNDU4NDIxOQ@@._V1_SX32_CR0,0,32,44_AL_.jpg','http://www.imdb.com/name/nm1032567'),('nm1035930','Rafael Reaño','','http://www.imdb.com/name/nm1035930'),('nm1036353','Jaquie Brown','','http://www.imdb.com/name/nm1036353'),('nm1044899','Rebecca Brenner','','http://www.imdb.com/name/nm1044899'),('nm1047467','Pamela Thomas','','http://www.imdb.com/name/nm1047467'),('nm1048290','Susanna Reid','','http://www.imdb.com/name/nm1048290'),('nm1050811','Félix Gómez','http://ia.media-imdb.com/images/M/MV5BMTU4OTM2NzI3N15BMl5BanBnXkFtZTgwNjM1MDAxMTE@._V1_SY44_CR2,0,32,44_AL_.jpg','http://www.imdb.com/name/nm1050811'),('nm1055413','Michael Fassbender','http://ia.media-imdb.com/images/M/MV5BMTk0NjM2MTE5M15BMl5BanBnXkFtZTcwODIxMzcyNw@@._V1_SX32_CR0,0,32,44_AL_.jpg','http://www.imdb.com/name/nm1055413'),('nm1058513','Elizabeth Hendrickson','http://ia.media-imdb.com/images/M/MV5BMjE0ODkwNDczMV5BMl5BanBnXkFtZTgwNjM3MDcwMjE@._V1_SY44_CR0,0,32,44_AL_.jpg','http://www.imdb.com/name/nm1058513'),('nm1058940','Scoot McNairy','http://ia.media-imdb.com/images/M/MV5BOTUzMzc1NzM5M15BMl5BanBnXkFtZTcwNjAzOTc1NA@@._V1_SX32_CR0,0,32,44_AL_.jpg','http://www.imdb.com/name/nm1058940'),('nm1061326','Lynn Reist',NULL,NULL),('nm1071770','Hannah Banks','','http://www.imdb.com/name/nm1071770'),('nm1073522','Dak Rasheta',NULL,NULL),('nm1079801','David Icke','','http://www.imdb.com/name/nm1079801'),('nm1082477','Omar Sy','http://ia.media-imdb.com/images/M/MV5BMjI2MjE3MDQ3NV5BMl5BanBnXkFtZTcwOTY0NzU0Nw@@._V1_SX32_CR0,0,32,44_AL_.jpg','http://www.imdb.com/name/nm1082477'),('nm1084427','John Gill','','http://www.imdb.com/name/nm1084427'),('nm1092063','Piers Graham','','http://www.imdb.com/name/nm1092063'),('nm1093921','Michael Harding','','http://www.imdb.com/name/nm1093921'),('nm1093951','Aaron Taylor-Johnson','http://ia.media-imdb.com/images/M/MV5BMzE5MzI0MzY2OF5BMl5BanBnXkFtZTgwODE3MTk4MTE@._V1_SY44_CR1,0,32,44_AL_.jpg','http://www.imdb.com/name/nm1093951'),('nm1102577','Elle Fanning','http://ia.media-imdb.com/images/M/MV5BMTc0ODA1MjY5M15BMl5BanBnXkFtZTcwNzcwMDYzOQ@@._V1_SX32_CR0,0,32,44_AL_.jpg','http://www.imdb.com/name/nm1102577'),('nm1108664','Cathy Cahlin Ryan','http://ia.media-imdb.com/images/M/MV5BMTQ2NzI1NjQ2M15BMl5BanBnXkFtZTgwMDI3NDA0MjE@._V1_SY44_CR1,0,32,44_AL_.jpg','http://www.imdb.com/name/nm1108664'),('nm1114695','Phil McGraw','http://ia.media-imdb.com/images/M/MV5BMTU5MDkyNzQyNF5BMl5BanBnXkFtZTYwOTA0MjM0._V1_SX32_CR0,0,32,44_AL_.jpg','http://www.imdb.com/name/nm1114695'),('nm1117791','Rob Corddry','http://ia.media-imdb.com/images/M/MV5BMTY5ODI5Njk2Nl5BMl5BanBnXkFtZTcwOTY3NTA3MQ@@._V1_SY44_CR1,0,32,44_AL_.jpg','http://www.imdb.com/name/nm1117791'),('nm1118439','James Hyslop',NULL,NULL),('nm1123309','Bea Segura','','http://www.imdb.com/name/nm1123309'),('nm1129362','Billy Bush','http://ia.media-imdb.com/images/M/MV5BMTQxOTA3OTU2Ml5BMl5BanBnXkFtZTYwNzQyNDI0._V1_SX32_CR0,0,32,44_AL_.jpg','http://www.imdb.com/name/nm1129362'),('nm1135813','Bhagavan Das','','http://www.imdb.com/name/nm1135813'),('nm1139632','Tracie Thoms','http://ia.media-imdb.com/images/M/MV5BMTM3OTk5Nzc2OF5BMl5BanBnXkFtZTcwMjEyODUzNg@@._V1_SX32_CR0,0,32,44_AL_.jpg','http://www.imdb.com/name/nm1139632'),('nm1143788','Camila Morgado','','http://www.imdb.com/name/nm1143788'),('nm1143802','Maria Papas','','http://www.imdb.com/name/nm1143802'),('nm1146265','Chris Sheffield','http://ia.media-imdb.com/images/M/MV5BMTAzMDA0NjI2ODZeQTJeQWpwZ15BbWU3MDEwNzEzNjc@._V1_SX32_CR0,0,32,44_AL_.jpg','http://www.imdb.com/name/nm1146265'),('nm1147013','Raquel Pérez','','http://www.imdb.com/name/nm1147013'),('nm1149945','Bruno Mazzeo','http://ia.media-imdb.com/images/M/MV5BMTc4MDI5MzY1NF5BMl5BanBnXkFtZTcwNTg2MTEwNg@@._V1_SY44_CR17,0,32,44_AL_.jpg','http://www.imdb.com/name/nm1149945'),('nm1150775','Patrick Sabongui','http://ia.media-imdb.com/images/M/MV5BMjM4NTY2Mjc4NF5BMl5BanBnXkFtZTgwNDg0MDM4MTE@._V1_SX32_CR0,0,32,44_AL_.jpg','http://www.imdb.com/name/nm1150775'),('nm1151396','ZZ Top','http://ia.media-imdb.com/images/M/MV5BMTM2NzQ5OTQzNV5BMl5BanBnXkFtZTcwNTkxNzI3MQ@@._V1_SY44_CR17,0,32,44_AL_.jpg','http://www.imdb.com/name/nm1151396'),('nm1152951','Xavier Serrat','','http://www.imdb.com/name/nm1152951'),('nm1157358','Michelle Monaghan','http://ia.media-imdb.com/images/M/MV5BMTg0NzU1NjAxNl5BMl5BanBnXkFtZTcwNDQ5ODY2Nw@@._V1_SY44_CR1,0,32,44_AL_.jpg','http://www.imdb.com/name/nm1157358'),('nm1175468','Elyes Gabel','http://ia.media-imdb.com/images/M/MV5BMjEwODUyMjYyMF5BMl5BanBnXkFtZTcwNjA0NDU1OQ@@._V1_SX32_CR0,0,32,44_AL_.jpg','http://www.imdb.com/name/nm1175468'),('nm1176985','Dave Bautista','http://ia.media-imdb.com/images/M/MV5BMjI4NjQ5NDA5M15BMl5BanBnXkFtZTgwNDE0MjQzMjE@._V1_SY44_CR18,0,32,44_AL_.jpg','http://www.imdb.com/name/nm1176985'),('nm1184167','Kim Newman','','http://www.imdb.com/name/nm1184167'),('nm1192272','Marcia Hines','','http://www.imdb.com/name/nm1192272'),('nm1193262','Taylor St. Clair','http://ia.media-imdb.com/images/M/MV5BMTU2Mjk0MTQ2Ml5BMl5BanBnXkFtZTgwMjIwNzY2MDE@._V1_SY44_CR1,0,32,44_AL_.jpg','http://www.imdb.com/name/nm1193262'),('nm1194542','Franciely Freduzeski','http://ia.media-imdb.com/images/M/MV5BMTQzNTM4NDc2NF5BMl5BanBnXkFtZTgwNTYyOTY1MjE@._V1_SX32_CR0,0,32,44_AL_.jpg','http://www.imdb.com/name/nm1194542'),('nm1195855','Lee Pace','http://ia.media-imdb.com/images/M/MV5BMzk2NjE4NDgzNl5BMl5BanBnXkFtZTcwNTI3NTEzMQ@@._V1_SY44_CR1,0,32,44_AL_.jpg','http://www.imdb.com/name/nm1195855'),('nm1197118','Danny Belrose','http://ia.media-imdb.com/images/M/MV5BMTc0ODQxMzM3NV5BMl5BanBnXkFtZTcwNjM5MzQ0Nw@@._V1_SY44_CR1,0,32,44_AL_.jpg','http://www.imdb.com/name/nm1197118'),('nm1197529','Kristopher Turner','http://ia.media-imdb.com/images/M/MV5BMjExNDYxODg3NF5BMl5BanBnXkFtZTcwODg2OTU0NA@@._V1_SY44_CR11,0,32,44_AL_.jpg','http://www.imdb.com/name/nm1197529'),('nm1206701','Leticia Dolera','http://ia.media-imdb.com/images/M/MV5BMTQ0MTQ1NTkyNF5BMl5BanBnXkFtZTcwNzE1MTUwMg@@._V1_SX32_CR0,0,32,44_AL_.jpg','http://www.imdb.com/name/nm1206701'),('nm1208167','Diane Kruger','http://ia.media-imdb.com/images/M/MV5BMTM3MzY0Nzk2Ml5BMl5BanBnXkFtZTcwODQ0MTMyMw@@._V1_SX32_CR0,0,32,44_AL_.jpg','http://www.imdb.com/name/nm1208167'),('nm1208510','Jon Eyez','http://ia.media-imdb.com/images/M/MV5BMTQwMzczOTU0NV5BMl5BanBnXkFtZTgwMjIwOTIwMjE@._V1_SY44_CR2,0,32,44_AL_.jpg','http://www.imdb.com/name/nm1208510'),('nm1208801','Jerry Lambert','http://ia.media-imdb.com/images/M/MV5BMTc0NzY4NTUzNV5BMl5BanBnXkFtZTcwOTMzMTA0Mg@@._V1_SX32_CR0,0,32,44_AL_.jpg','http://www.imdb.com/name/nm1208801'),('nm1209545','Laverne Cox','http://ia.media-imdb.com/images/M/MV5BMTY0NzYzMzc0MV5BMl5BanBnXkFtZTgwNTU0MjgxMjE@._V1_SX32_CR0,0,32,44_AL_.jpg','http://www.imdb.com/name/nm1209545'),('nm1212722','Benedict Cumberbatch','http://ia.media-imdb.com/images/M/MV5BMTQzMDY2Nzk3NV5BMl5BanBnXkFtZTcwNDAzODQyNw@@._V1_SX32_CR0,0,32,44_AL_.jpg','http://www.imdb.com/name/nm1212722'),('nm1214436','Daniel Cudmore','http://ia.media-imdb.com/images/M/MV5BMTk2MTM4OTI4OF5BMl5BanBnXkFtZTgwNjMwNzEwMzE@._V1_SX32_CR0,0,32,44_AL_.jpg','http://www.imdb.com/name/nm1214436'),('nm1218607','Burn Gorman','http://ia.media-imdb.com/images/M/MV5BMjEyMzUzNDEyNF5BMl5BanBnXkFtZTcwMzYxMDY3OA@@._V1_SX32_CR0,0,32,44_AL_.jpg','http://www.imdb.com/name/nm1218607'),('nm1218732','Derek Mio','http://ia.media-imdb.com/images/M/MV5BMjExNTIxMDI1MV5BMl5BanBnXkFtZTgwMjAzNzQ0MzE@._V1_SX32_CR0,0,32,44_AL_.jpg','http://www.imdb.com/name/nm1218732'),('nm1221047','Keegan-Michael Key','http://ia.media-imdb.com/images/M/MV5BMjE1Mjc5MzUwOF5BMl5BanBnXkFtZTcwMzc3ODk0Mw@@._V1_SX32_CR0,0,32,44_AL_.jpg','http://www.imdb.com/name/nm1221047'),('nm1224415','Christian McKenna','http://ia.media-imdb.com/images/M/MV5BMTgwMzM1MDk0M15BMl5BanBnXkFtZTcwNzA3Mzc4OQ@@._V1_SY44_CR23,0,32,44_AL_.jpg','http://www.imdb.com/name/nm1224415'),('nm1225333','Timothy Brennen','http://ia.media-imdb.com/images/M/MV5BNzcwNjIwNjQxM15BMl5BanBnXkFtZTgwNjQ4MzIzMDE@._V1_SY44_CR1,0,32,44_AL_.jpg','http://www.imdb.com/name/nm1225333'),('nm1226871','Wes Ball',NULL,NULL),('nm1234216','Kyle Sandilands','','http://www.imdb.com/name/nm1234216'),('nm1239499','Rory Kinnear','http://ia.media-imdb.com/images/M/MV5BMTQwOTMwMDM5OV5BMl5BanBnXkFtZTcwODQ1MDExOA@@._V1_SX32_CR0,0,32,44_AL_.jpg','http://www.imdb.com/name/nm1239499'),('nm1242688','Josh Hutcherson','http://ia.media-imdb.com/images/M/MV5BMTI4OTk0MjQ1OV5BMl5BanBnXkFtZTcwNTE3NjM3Mw@@._V1_SX32_CR0,0,32,44_AL_.jpg','http://www.imdb.com/name/nm1242688'),('nm1242894','Daniela Costa','','http://www.imdb.com/name/nm1242894'),('nm1256532','Jon Bernthal','http://ia.media-imdb.com/images/M/MV5BMTcwNzA5MDg0OV5BMl5BanBnXkFtZTcwMTU2NjE0Nw@@._V1_SY44_CR0,0,32,44_AL_.jpg','http://www.imdb.com/name/nm1256532'),('nm1258235','Octavi Pujades','','http://www.imdb.com/name/nm1258235'),('nm1259158','Christopher Obi','http://ia.media-imdb.com/images/M/MV5BMzE2MjAzNTY0OV5BMl5BanBnXkFtZTcwNTEzNTg4Nw@@._V1_SX32_CR0,0,32,44_AL_.jpg','http://www.imdb.com/name/nm1259158'),('nm1261587','Kelly Stables','http://ia.media-imdb.com/images/M/MV5BMTYzODkyMDc0Ml5BMl5BanBnXkFtZTcwMzM2NjY0Ng@@._V1_SY44_CR17,0,32,44_AL_.jpg','http://www.imdb.com/name/nm1261587'),('nm1265802','Josh Gad','http://ia.media-imdb.com/images/M/MV5BMjE3NDEyNjgzMF5BMl5BanBnXkFtZTcwNDYwMTEyOQ@@._V1_SY44_CR2,0,32,44_AL_.jpg','http://www.imdb.com/name/nm1265802'),('nm1268743','Andrew Harvey','','http://www.imdb.com/name/nm1268743'),('nm1268888','Oliver James','http://ia.media-imdb.com/images/M/MV5BMjA0NzU2NjQwMl5BMl5BanBnXkFtZTcwMDE4MzU4MQ@@._V1_SX32_CR0,0,32,44_AL_.jpg','http://www.imdb.com/name/nm1268888'),('nm1270009','Genesis Rodriguez','http://ia.media-imdb.com/images/M/MV5BMTMzMDIzODIzNV5BMl5BanBnXkFtZTcwNDQyNjM2Mw@@._V1_SX32_CR0,0,32,44_AL_.jpg','http://www.imdb.com/name/nm1270009'),('nm1274586','Todd A. Robinson','http://ia.media-imdb.com/images/M/MV5BMTYxMDA3NDM0Nl5BMl5BanBnXkFtZTcwMDgzOTk0Mw@@._V1_SY44_CR1,0,32,44_AL_.jpg','http://www.imdb.com/name/nm1274586'),('nm1285113','Chris Lerude','http://ia.media-imdb.com/images/M/MV5BMTY5MTg5MTY2OV5BMl5BanBnXkFtZTgwMTc4ODIwMzE@._V1_SY44_CR17,0,32,44_AL_.jpg','http://www.imdb.com/name/nm1285113'),('nm1289434','Emily Blunt','http://ia.media-imdb.com/images/M/MV5BMTUxNDY4MTMzM15BMl5BanBnXkFtZTcwMjg5NzM2Ng@@._V1_SX32_CR0,0,32,44_AL_.jpg','http://www.imdb.com/name/nm1289434'),('nm1291743','Álex Cueva','','http://www.imdb.com/name/nm1291743'),('nm1296355','Christian Petru','','http://www.imdb.com/name/nm1296355'),('nm1296496','Aure Sánchez','','http://www.imdb.com/name/nm1296496'),('nm1301904','Rachael Ray','http://ia.media-imdb.com/images/M/MV5BMTQ2NTEzOTQ1NV5BMl5BanBnXkFtZTYwNzUzNDIz._V1_SX32_CR0,0,32,44_AL_.jpg','http://www.imdb.com/name/nm1301904'),('nm1302448','Greedy Smith','','http://www.imdb.com/name/nm1302448'),('nm1303983','Monique Alfradique','','http://www.imdb.com/name/nm1303983'),('nm1319795','Robert Paschall Jr.',NULL,NULL),('nm1320154','Kenneth M. Smith Jr.',NULL,NULL),('nm1320827','Randall Park','http://ia.media-imdb.com/images/M/MV5BMTYzNDM5OTM1MF5BMl5BanBnXkFtZTcwOTAwOTI5Ng@@._V1_SX32_CR0,0,32,44_AL_.jpg','http://www.imdb.com/name/nm1320827'),('nm1324954','Kerry King','','http://www.imdb.com/name/nm1324954'),('nm1338040','Francis Wilson','','http://www.imdb.com/name/nm1338040'),('nm1344126','Fran Perea','','http://www.imdb.com/name/nm1344126'),('nm1349376','Francis Lawrence',NULL,NULL),('nm1351849','Kenny Wayne Shepherd','','http://www.imdb.com/name/nm1351849'),('nm1354503','Abby Brammell','http://ia.media-imdb.com/images/M/MV5BNzAxMTk0OTExMl5BMl5BanBnXkFtZTgwMDE4OTcxMDE@._V1_SX32_CR0,0,32,44_AL_.jpg','http://www.imdb.com/name/nm1354503'),('nm1355166','Ailton Graça','','http://www.imdb.com/name/nm1355166'),('nm1359465','Olalla Escribano','','http://www.imdb.com/name/nm1359465'),('nm1365217','Carol Castro','','http://www.imdb.com/name/nm1365217'),('nm1369571','Joe Stapleton','http://ia.media-imdb.com/images/M/MV5BMTkyMTgxNDIyOF5BMl5BanBnXkFtZTcwODYyMjU2Mg@@._V1_SX32_CR0,0,32,44_AL_.jpg','http://www.imdb.com/name/nm1369571'),('nm1374544','Beth','','http://www.imdb.com/name/nm1374544'),('nm1377114','Jim Howick','','http://www.imdb.com/name/nm1377114'),('nm1388327','Yolanda Arestegui','','http://www.imdb.com/name/nm1388327'),('nm1393956','Claudia Jurt','http://ia.media-imdb.com/images/M/MV5BMTIyMTg4NDk0NF5BMl5BanBnXkFtZTYwMTU4NTAz._V1_SY44_CR13,0,32,44_AL_.jpg','http://www.imdb.com/name/nm1393956'),('nm1395602','Allen Leech','http://ia.media-imdb.com/images/M/MV5BNTkwNTg5NzgzNF5BMl5BanBnXkFtZTcwMzc4Mjg1OA@@._V1_SY44_CR6,0,32,44_AL_.jpg','http://www.imdb.com/name/nm1395602'),('nm1401989','Aaryn Doyle','http://ia.media-imdb.com/images/M/MV5BMTMwMDAxNjk4NV5BMl5BanBnXkFtZTcwMjQyNTU3MQ@@._V1_SX32_CR0,0,32,44_AL_.jpg','http://www.imdb.com/name/nm1401989'),('nm1404145','Sam Kennard','http://ia.media-imdb.com/images/M/MV5BMTUwMDY4NDEzM15BMl5BanBnXkFtZTcwMzc2MTY0Mw@@._V1_SX32_CR0,0,32,44_AL_.jpg','http://www.imdb.com/name/nm1404145'),('nm1404239','Evan Peters','http://ia.media-imdb.com/images/M/MV5BMTMyMTk0OTcyMl5BMl5BanBnXkFtZTcwMzEwODY1NA@@._V1_SX32_CR0,0,32,44_AL_.jpg','http://www.imdb.com/name/nm1404239'),('nm1404569','Clare Wille','http://ia.media-imdb.com/images/M/MV5BMTgxMjg5MDc3OF5BMl5BanBnXkFtZTgwMTg1ODEwMjE@._V1_SY44_CR1,0,32,44_AL_.jpg','http://www.imdb.com/name/nm1404569'),('nm1416330','Jake McDorman','http://ia.media-imdb.com/images/M/MV5BMTg5OTUwNDQ5M15BMl5BanBnXkFtZTcwODQyNjQ5Mw@@._V1_SY44_CR12,0,32,44_AL_.jpg','http://www.imdb.com/name/nm1416330'),('nm1421782','Dan Shaughnessy','','http://www.imdb.com/name/nm1421782'),('nm1428494','Josh Faure-Brac','','http://www.imdb.com/name/nm1428494'),('nm1446934','Katie Cleary','http://ia.media-imdb.com/images/M/MV5BMTQxNjYzMzgzM15BMl5BanBnXkFtZTgwOTI5NTA5MTE@._V1_SY44_CR3,0,32,44_AL_.jpg','http://www.imdb.com/name/nm1446934'),('nm1456484','Mitchell Eisner','','http://www.imdb.com/name/nm1456484'),('nm1456952','Alexandra Lai','','http://www.imdb.com/name/nm1456952'),('nm1461092','Ignasi Vidal','','http://www.imdb.com/name/nm1461092'),('nm1463711','Maria Clara Gueiros','','http://www.imdb.com/name/nm1463711'),('nm1468038','Ian Dickson','','http://www.imdb.com/name/nm1468038'),('nm1468325','James Mathison','','http://www.imdb.com/name/nm1468325'),('nm1472288','Andy Conlan','http://ia.media-imdb.com/images/M/MV5BMTg4NjUxNjY5N15BMl5BanBnXkFtZTgwNzg3OTQwMTE@._V1_SY44_CR3,0,32,44_AL_.jpg','http://www.imdb.com/name/nm1472288'),('nm1475635','Ernst-Marcus Thomas','','http://www.imdb.com/name/nm1475635'),('nm1478791','Jessica Pimentel','http://ia.media-imdb.com/images/M/MV5BNjAzOTMyODA0NF5BMl5BanBnXkFyZXN1bWU@._V1_SY44_CR1,0,32,44_AL_.jpg','http://www.imdb.com/name/nm1478791'),('nm1482818','Paul James','http://ia.media-imdb.com/images/M/MV5BMTQ4MzcwOTY0NV5BMl5BanBnXkFtZTcwODMyNjIzOA@@._V1_SX32_CR0,0,32,44_AL_.jpg','http://www.imdb.com/name/nm1482818'),('nm1482999','María Valverde','http://ia.media-imdb.com/images/M/MV5BMjM4NjMwNTM5Nl5BMl5BanBnXkFtZTgwNDUwNzA2MjE@._V1_SX32_CR0,0,32,44_AL_.jpg','http://www.imdb.com/name/nm1482999'),('nm1486831','Sam Hazeldine','http://ia.media-imdb.com/images/M/MV5BODA0MTc2NTEyOV5BMl5BanBnXkFtZTgwMzI1MDY2MDE@._V1_SX32_CR0,0,32,44_AL_.jpg','http://www.imdb.com/name/nm1486831'),('nm1493168','Kristin Kaspersen','','http://www.imdb.com/name/nm1493168'),('nm1495426','David Van Horn','http://ia.media-imdb.com/images/M/MV5BMTI1MzAwMDA1OV5BMl5BanBnXkFtZTcwMzMxNzY1Mg@@._V1_SY44_CR6,0,32,44_AL_.jpg','http://www.imdb.com/name/nm1495426'),('nm1497128','Eric Milano','','http://www.imdb.com/name/nm1497128'),('nm1502469','Dar Salim','http://ia.media-imdb.com/images/M/MV5BMTg3MzgzNzM0OF5BMl5BanBnXkFtZTgwODY0NzY1MTE@._V1_SY44_CR0,0,32,44_AL_.jpg','http://www.imdb.com/name/nm1502469'),('nm1512166','Jamie Chung','http://ia.media-imdb.com/images/M/MV5BMTkxNjM1NzUyNV5BMl5BanBnXkFtZTgwMzc1NzEzMTE@._V1_SX32_CR0,0,32,44_AL_.jpg','http://www.imdb.com/name/nm1512166'),('nm1517976','Chris Pine','http://ia.media-imdb.com/images/M/MV5BMTM4OTQ4NTU3NV5BMl5BanBnXkFtZTcwNjEwNDU0OQ@@._V1_SX32_CR0,0,32,44_AL_.jpg','http://www.imdb.com/name/nm1517976'),('nm1520988','Tiffany Dupont','http://ia.media-imdb.com/images/M/MV5BMTcyMDkxODc1Ml5BMl5BanBnXkFtZTcwOTgzNDkzOQ@@._V1_SX32_CR0,0,32,44_AL_.jpg','http://www.imdb.com/name/nm1520988'),('nm1532606','Leopoldo Pacheco','','http://www.imdb.com/name/nm1532606'),('nm1533014','Brad Siciliano','http://ia.media-imdb.com/images/M/MV5BMTAzODEzNzc0NTReQTJeQWpwZ15BbWU3MDAwNTMwNTg@._V1_SY44_CR17,0,32,44_AL_.jpg','http://www.imdb.com/name/nm1533014'),('nm1543989','Aml Ameen','http://ia.media-imdb.com/images/M/MV5BMTk1Mjc3MTQ5NV5BMl5BanBnXkFtZTgwNzAxNDUwMDE@._V1_SX32_CR0,0,32,44_AL_.jpg','http://www.imdb.com/name/nm1543989'),('nm1546196','Matt Berry','http://ia.media-imdb.com/images/M/MV5BMTgzMjQ0NTc5Nl5BMl5BanBnXkFtZTcwMDc0MDYwOA@@._V1_SX32_CR0,0,32,44_AL_.jpg','http://www.imdb.com/name/nm1546196'),('nm1547964','Richard Ayoade','http://ia.media-imdb.com/images/M/MV5BMjE0MDIzMDM4Nl5BMl5BanBnXkFtZTcwODc4MzczNA@@._V1_SX32_CR0,0,32,44_AL_.jpg','http://www.imdb.com/name/nm1547964'),('nm1549063','Bingbing Fan','http://ia.media-imdb.com/images/M/MV5BMTQzMjcyNjk5NF5BMl5BanBnXkFtZTcwNDIzOTc0OQ@@._V1_SX32_CR0,0,32,44_AL_.jpg','http://www.imdb.com/name/nm1549063'),('nm1550590','Tanjareen Thomas','http://ia.media-imdb.com/images/M/MV5BMTQyNzQ2Njk5Nl5BMl5BanBnXkFtZTgwMjUyMDQ3MTE@._V1_SX32_CR0,0,32,44_AL_.jpg','http://www.imdb.com/name/nm1550590'),('nm1550948','Ruth Negga','http://ia.media-imdb.com/images/M/MV5BMjI4MDY4NTY1M15BMl5BanBnXkFtZTgwMDk1NjQ1MjE@._V1_SX32_CR0,0,32,44_AL_.jpg','http://www.imdb.com/name/nm1550948'),('nm1552764','Jesús Zavala','','http://www.imdb.com/name/nm1552764'),('nm1560216','Lindsay Clubine','http://ia.media-imdb.com/images/M/MV5BMTU5OTYyNTMyOF5BMl5BanBnXkFtZTcwNDQ4OTMzMQ@@._V1_SX32_CR0,0,32,44_AL_.jpg','http://www.imdb.com/name/nm1560216'),('nm1560598','Misty Rice','http://ia.media-imdb.com/images/M/MV5BMTE5NDkyNTk3OV5BMl5BanBnXkFtZTYwNzg5MDgy._V1_SX32_CR0,0,32,44_AL_.jpg','http://www.imdb.com/name/nm1560598'),('nm1561982','Pilou Asbæk','http://ia.media-imdb.com/images/M/MV5BNTEzMjUxODc5M15BMl5BanBnXkFtZTcwMjkwMjgxNA@@._V1_SY44_CR3,0,32,44_AL_.jpg','http://www.imdb.com/name/nm1561982'),('nm1567113','Jessica Chastain','http://ia.media-imdb.com/images/M/MV5BMTU1MDM5NjczOF5BMl5BanBnXkFtZTcwOTY2MDE4OA@@._V1_SX32_CR0,0,32,44_AL_.jpg','http://www.imdb.com/name/nm1567113'),('nm1571804','Falk Hentschel','http://ia.media-imdb.com/images/M/MV5BNjQzOTYxNDQ4MF5BMl5BanBnXkFtZTcwODIzMTE2Nw@@._V1_SY44_CR1,0,32,44_AL_.jpg','http://www.imdb.com/name/nm1571804'),('nm1572895','Violet Lamb','','http://www.imdb.com/name/nm1572895'),('nm1577637','Josh Stewart','http://ia.media-imdb.com/images/M/MV5BMTY2OTk3NTk3M15BMl5BanBnXkFtZTcwNDE2NTAzMQ@@._V1_SY44_CR0,0,32,44_AL_.jpg','http://www.imdb.com/name/nm1577637'),('nm1587729','Finn Wittrock','http://ia.media-imdb.com/images/M/MV5BMjAxOTkzNDMxMl5BMl5BanBnXkFtZTgwODA4NzkxMDE@._V1_SX32_CR0,0,32,44_AL_.jpg','http://www.imdb.com/name/nm1587729'),('nm1589287','Debbie Rix','','http://www.imdb.com/name/nm1589287'),('nm1591232','Tony Bentley','http://ia.media-imdb.com/images/M/MV5BMTY5MjQ0MjA0MF5BMl5BanBnXkFtZTgwNjU4MTYyMTE@._V1_SX32_CR0,0,32,44_AL_.jpg','http://www.imdb.com/name/nm1591232'),('nm1591725','Stephen Eiland','','http://www.imdb.com/name/nm1591725'),('nm1594403','John Paul Lubran','http://ia.media-imdb.com/images/M/MV5BMTg3MDM1NTAyNV5BMl5BanBnXkFtZTcwOTA1NDcyMQ@@._V1_SX32_CR0,0,32,44_AL_.jpg','http://www.imdb.com/name/nm1594403'),('nm1595480','Lucie Barat','','http://www.imdb.com/name/nm1595480'),('nm1595495','Siri Svegler','http://ia.media-imdb.com/images/M/MV5BMTI3OTIzMjQzMV5BMl5BanBnXkFtZTYwOTU5OTky._V1_SY44_CR1,0,32,44_AL_.jpg','http://www.imdb.com/name/nm1595495'),('nm1596874','Theresa Barrera','http://ia.media-imdb.com/images/M/MV5BMTI5NjUxODgwMF5BMl5BanBnXkFtZTcwMTAwNjIzMQ@@._V1_SX32_CR0,0,32,44_AL_.jpg','http://www.imdb.com/name/nm1596874'),('nm1599679','Dwight Wilson II','http://ia.media-imdb.com/images/M/MV5BMTM3NDgwMTg0MF5BMl5BanBnXkFtZTYwMjgxMTcy._V1_SX32_CR0,0,32,44_AL_.jpg','http://www.imdb.com/name/nm1599679'),('nm1601104','Alexander Flores','http://ia.media-imdb.com/images/M/MV5BMTU2MzEzNzY5Nl5BMl5BanBnXkFtZTcwMDAxMDQyNw@@._V1_SX32_CR0,0,32,44_AL_.jpg','http://www.imdb.com/name/nm1601104'),('nm1601644','Jennifer Lee',NULL,NULL),('nm1603592','Sean Matic','http://ia.media-imdb.com/images/M/MV5BMTYxMjU5MTEwNl5BMl5BanBnXkFtZTcwNzc4MzgyMQ@@._V1_SY44_CR11,0,32,44_AL_.jpg','http://www.imdb.com/name/nm1603592'),('nm1611069','Richard Neave','','http://www.imdb.com/name/nm1611069'),('nm1616668','Michael Graziadei','http://ia.media-imdb.com/images/M/MV5BMjAwNzY3ODA2NF5BMl5BanBnXkFtZTgwMjg2MDcyMjE@._V1_SY44_CR11,0,32,44_AL_.jpg','http://www.imdb.com/name/nm1616668'),('nm1625174','Tom MacRae','','http://www.imdb.com/name/nm1625174'),('nm1636838','Marvin Blunte',NULL,NULL),('nm1638294','Eugene Simon','http://ia.media-imdb.com/images/M/MV5BMjI0NDM5MjYyNl5BMl5BanBnXkFtZTgwODMwODcyMDE@._V1_SX32_CR0,0,32,44_AL_.jpg','http://www.imdb.com/name/nm1638294'),('nm1640279','Michael Rady','http://ia.media-imdb.com/images/M/MV5BNTc1MzM3ODg2OV5BMl5BanBnXkFtZTcwNTU1NjQ0Nw@@._V1_SX32_CR0,0,32,44_AL_.jpg','http://www.imdb.com/name/nm1640279'),('nm1642779','Christopher Dobbs','','http://www.imdb.com/name/nm1642779'),('nm1645993','Martin Gorst',NULL,NULL),('nm1655043','Def Leppard','http://ia.media-imdb.com/images/M/MV5BMTIyOTEzNTEyMl5BMl5BanBnXkFtZTYwOTg5NDQz._V1_SY44_CR17,0,32,44_AL_.jpg','http://www.imdb.com/name/nm1655043'),('nm1658264','Orlando Cepeda','','http://www.imdb.com/name/nm1658264'),('nm1661726','James Blake','','http://www.imdb.com/name/nm1661726'),('nm1663205','Sharlto Copley','http://ia.media-imdb.com/images/M/MV5BMzY1MTA2NjQ1NF5BMl5BanBnXkFtZTgwMTQ5MzAzMjE@._V1_SX32_CR0,0,32,44_AL_.jpg','http://www.imdb.com/name/nm1663205'),('nm1663252','Chris Chalk','http://ia.media-imdb.com/images/M/MV5BMTgyNTE2NDIyNV5BMl5BanBnXkFtZTgwMDA1MTE1MDE@._V1_SX32_CR0,0,32,44_AL_.jpg','http://www.imdb.com/name/nm1663252'),('nm1671512','Anamaria Marinca','http://ia.media-imdb.com/images/M/MV5BMjAyMDc0NjY5N15BMl5BanBnXkFtZTgwNTkwNDg1MTE@._V1_SY44_CR1,0,32,44_AL_.jpg','http://www.imdb.com/name/nm1671512'),('nm1675233','Ben Lyons','http://ia.media-imdb.com/images/M/MV5BMTQ5MTUwOTAwOV5BMl5BanBnXkFtZTcwMDYzMTIwNw@@._V1_SX32_CR0,0,32,44_AL_.jpg','http://www.imdb.com/name/nm1675233'),('nm1675809','Sarah Louise Lilley','http://ia.media-imdb.com/images/M/MV5BODg5OTg5NjQ4MF5BMl5BanBnXkFtZTcwMDAzMzE1OQ@@._V1_SY44_CR17,0,32,44_AL_.jpg','http://www.imdb.com/name/nm1675809'),('nm1678527','Luca Angeletti','http://ia.media-imdb.com/images/M/MV5BMjEyNTgzNzM1Nl5BMl5BanBnXkFtZTgwNzYwODg1MjE@._V1_SX32_CR0,0,32,44_AL_.jpg','http://www.imdb.com/name/nm1678527'),('nm1682285','Calum Best','','http://www.imdb.com/name/nm1682285'),('nm1703171','Ricki-Lee Coulter','','http://www.imdb.com/name/nm1703171'),('nm1705090','Katie Lowes','http://ia.media-imdb.com/images/M/MV5BMTgyOTkzMjgwOF5BMl5BanBnXkFtZTgwMDk1NTkwMDE@._V1_SY44_CR17,0,32,44_AL_.jpg','http://www.imdb.com/name/nm1705090'),('nm1714931','Adrian Fergus Fuller','','http://www.imdb.com/name/nm1714931'),('nm1716574','Roger Federer','http://ia.media-imdb.com/images/M/MV5BMjA2MDU3MDk4Nl5BMl5BanBnXkFtZTYwMDMwMDk1._V1_SX32_CR0,0,32,44_AL_.jpg','http://www.imdb.com/name/nm1716574'),('nm1719803','David Sherrin','','http://www.imdb.com/name/nm1719803'),('nm1732381','Lilian Caro','','http://www.imdb.com/name/nm1732381'),('nm1736605','Laurence Spellman','http://ia.media-imdb.com/images/M/MV5BMjEyMDIzNjg5OF5BMl5BanBnXkFtZTgwNTA2MDUwMDE@._V1_SX32_CR0,0,32,44_AL_.jpg','http://www.imdb.com/name/nm1736605'),('nm1739847','Donovan Bailey','','http://www.imdb.com/name/nm1739847'),('nm1740374','Robin McGraw','','http://www.imdb.com/name/nm1740374'),('nm1742119','Jared Keeso','http://ia.media-imdb.com/images/M/MV5BMTMxMzAyMDM5OF5BMl5BanBnXkFtZTcwNjQ3ODYxMw@@._V1_SY44_CR1,0,32,44_AL_.jpg','http://www.imdb.com/name/nm1742119'),('nm1747924','Jim Parrack','http://ia.media-imdb.com/images/M/MV5BMjA2MTk1NTE5N15BMl5BanBnXkFtZTcwMzkxNjAzNw@@._V1_SX32_CR0,0,32,44_AL_.jpg','http://www.imdb.com/name/nm1747924'),('nm1754032','Natalie Coughlin','http://ia.media-imdb.com/images/M/MV5BMTU3OTg4MDUwN15BMl5BanBnXkFtZTcwNDQ3Nzk3Mg@@._V1_SX32_CR0,0,32,44_AL_.jpg','http://www.imdb.com/name/nm1754032'),('nm1754070','Hannah Endicott-Douglas','','http://www.imdb.com/name/nm1754070'),('nm1754137','Katie Hoff','','http://www.imdb.com/name/nm1754137'),('nm1755882','Philip Bache','','http://www.imdb.com/name/nm1755882'),('nm1763173','Bill Polian','','http://www.imdb.com/name/nm1763173'),('nm1763182','Fredrik Reinfeldt','','http://www.imdb.com/name/nm1763182'),('nm1764138','Rachael Huntley','http://ia.media-imdb.com/images/M/MV5BMTIzNjA0MTA2Ml5BMl5BanBnXkFtZTcwMTM2OTcyMQ@@._V1_SX32_CR0,0,32,44_AL_.jpg','http://www.imdb.com/name/nm1764138'),('nm1787501','Emma Myles','http://ia.media-imdb.com/images/M/MV5BMTQ1NDA2ODIzM15BMl5BanBnXkFtZTgwMzAyNDU4MTE@._V1_SX32_CR0,0,32,44_AL_.jpg','http://www.imdb.com/name/nm1787501'),('nm1788122','Ashley Dyke','http://ia.media-imdb.com/images/M/MV5BMjMzMDU3OTk5NV5BMl5BanBnXkFtZTgwNjIyMDU2MDE@._V1_SX32_CR0,0,32,44_AL_.jpg','http://www.imdb.com/name/nm1788122'),('nm1801414','Jayne Nelson','','http://www.imdb.com/name/nm1801414'),('nm1812505','Jarrod Cooke','','http://www.imdb.com/name/nm1812505'),('nm1817597','Alannah Myles','','http://www.imdb.com/name/nm1817597'),('nm1822225','Ian Hanomansing','','http://www.imdb.com/name/nm1822225'),('nm1827142','Jack Bannon','','http://www.imdb.com/name/nm1827142'),('nm1842344','Vincent Piazza','http://ia.media-imdb.com/images/M/MV5BMTM0Mjg3ODUxNl5BMl5BanBnXkFtZTcwNTQ4MjY2Ng@@._V1_SY44_CR12,0,32,44_AL_.jpg','http://www.imdb.com/name/nm1842344'),('nm1851604','Jan Oliver Schroeder','http://ia.media-imdb.com/images/M/MV5BNzQwNTU1NzgwM15BMl5BanBnXkFtZTcwMzk2MjQ4OQ@@._V1_SX32_CR0,0,32,44_AL_.jpg','http://www.imdb.com/name/nm1851604'),('nm1866161','Bianca Comparato','http://ia.media-imdb.com/images/M/MV5BMjM1MzM3Mjc0NV5BMl5BanBnXkFtZTgwOTk2MDEwMzE@._V1_SX32_CR0,0,32,44_AL_.jpg','http://www.imdb.com/name/nm1866161'),('nm1866316','Santi Marín','','http://www.imdb.com/name/nm1866316'),('nm1868038','Nicolas Gonda','http://ia.media-imdb.com/images/M/MV5BMjM2OTU0ODEwOV5BMl5BanBnXkFtZTgwMjMwNTY3MjE@._V1_SX32_CR0,0,32,44_AL_.jpg','http://www.imdb.com/name/nm1868038'),('nm1874962','Steven Blakeley','','http://www.imdb.com/name/nm1874962'),('nm1882152','Xavier Samuel','http://ia.media-imdb.com/images/M/MV5BMjQwMDMxMTgyMF5BMl5BanBnXkFtZTgwMzI1MzAwMjE@._V1_SY44_CR2,0,32,44_AL_.jpg','http://www.imdb.com/name/nm1882152'),('nm1883803','Jesse Garcia','http://ia.media-imdb.com/images/M/MV5BMTI3MjQ4MTg4Nl5BMl5BanBnXkFtZTYwMjIzODA3._V1_SY44_CR13,0,32,44_AL_.jpg','http://www.imdb.com/name/nm1883803'),('nm1886746','Roger Craig Smith','http://ia.media-imdb.com/images/M/MV5BMTkxMTA0MTEzMl5BMl5BanBnXkFtZTgwMDk3NDA0MDE@._V1_SX32_CR0,0,32,44_AL_.jpg','http://www.imdb.com/name/nm1886746'),('nm1890845','Sean Anders',NULL,NULL),('nm1899109','Robert Knight','','http://www.imdb.com/name/nm1899109'),('nm1906436','Hollie-Jay Bowes','','http://www.imdb.com/name/nm1906436'),('nm1931382','Jerry T. Adams','http://ia.media-imdb.com/images/M/MV5BMTYzMjIyOTQwMV5BMl5BanBnXkFtZTgwNTAzNDE5MjE@._V1_SX32_CR0,0,32,44_AL_.jpg','http://www.imdb.com/name/nm1931382'),('nm1932874','Elie Gemael','','http://www.imdb.com/name/nm1932874'),('nm1937718','Daniel Weaver','http://ia.media-imdb.com/images/M/MV5BMjM2NzU1ODIyMl5BMl5BanBnXkFtZTgwMjE4MTY0MTE@._V1_SX32_CR0,0,32,44_AL_.jpg','http://www.imdb.com/name/nm1937718'),('nm1939016','Jacob Zachar','http://ia.media-imdb.com/images/M/MV5BMTI5OTcxMTU5MF5BMl5BanBnXkFtZTcwMjI0MTU2NA@@._V1_SX32_CR0,0,32,44_AL_.jpg','http://www.imdb.com/name/nm1939016'),('nm1939267','T.I.','http://ia.media-imdb.com/images/M/MV5BMTQzMDMwNjkxN15BMl5BanBnXkFtZTcwMDI0MTM5OA@@._V1_SX32_CR0,0,32,44_AL_.jpg','http://www.imdb.com/name/nm1939267'),('nm1940904','Ashley Hames','','http://www.imdb.com/name/nm1940904'),('nm1941565','Monica Crowley','','http://www.imdb.com/name/nm1941565'),('nm1944626','Melanie Tolbert','http://ia.media-imdb.com/images/M/MV5BMjE2OTc5ODc5Nl5BMl5BanBnXkFtZTcwNTg1NTEzMQ@@._V1_SY44_CR1,0,32,44_AL_.jpg','http://www.imdb.com/name/nm1944626'),('nm1945568','Amber McDonald','','http://www.imdb.com/name/nm1945568'),('nm1956478','Madison Davenport','http://ia.media-imdb.com/images/M/MV5BMjE4NjcwNDkyMF5BMl5BanBnXkFtZTcwMjAyNDQyNA@@._V1_SX32_CR0,0,32,44_AL_.jpg','http://www.imdb.com/name/nm1956478'),('nm1974920','Scott Michael Foster','http://ia.media-imdb.com/images/M/MV5BMjQ1NTE4NTQzN15BMl5BanBnXkFtZTcwNDI2MTEzMQ@@._V1_SY44_CR13,0,32,44_AL_.jpg','http://www.imdb.com/name/nm1974920'),('nm1975970','Hilary Benn','','http://www.imdb.com/name/nm1975970'),('nm1977856','Chin Han','http://ia.media-imdb.com/images/M/MV5BMTM4ODMxOTIzMF5BMl5BanBnXkFtZTcwMjA2NTUyNA@@._V1_SY44_CR0,0,32,44_AL_.jpg','http://www.imdb.com/name/nm1977856'),('nm1978694','Maria Dizzia','http://ia.media-imdb.com/images/M/MV5BNTc5Njk5OTg2NV5BMl5BanBnXkFtZTcwNjI0NjAyNw@@._V1_SX32_CR0,0,32,44_AL_.jpg','http://www.imdb.com/name/nm1978694'),('nm1984808','Yojiro Harada','','http://www.imdb.com/name/nm1984808'),('nm1986493','Chris Nunez','','http://www.imdb.com/name/nm1986493'),('nm1992952','Darren Brass','','http://www.imdb.com/name/nm1992952'),('nm1995299','Ami James','http://ia.media-imdb.com/images/M/MV5BMTY2Nzk3NDQzMV5BMl5BanBnXkFtZTcwNzAzMDE3NQ@@._V1_SX32_CR0,0,32,44_AL_.jpg','http://www.imdb.com/name/nm1995299'),('nm1995377','Chris Garver','','http://www.imdb.com/name/nm1995377'),('nm2020146','Daniella Kertesz','http://ia.media-imdb.com/images/M/MV5BMTExNDMxNTk3MTFeQTJeQWpwZ15BbWU4MDMyNTk0MTEx._V1_SY44_CR14,0,32,44_AL_.jpg','http://www.imdb.com/name/nm2020146'),('nm2020887','David Broder','','http://www.imdb.com/name/nm2020887'),('nm2024644','Daniel Henney','http://ia.media-imdb.com/images/M/MV5BMjEyNDk1MjU4MF5BMl5BanBnXkFtZTgwMDYyNTU2MDE@._V1_SX32_CR0,0,32,44_AL_.jpg','http://www.imdb.com/name/nm2024644'),('nm2037879','Shane Jacobson','http://ia.media-imdb.com/images/M/MV5BMTI1ODE3MzkwMF5BMl5BanBnXkFtZTcwODQ1Mjg0Mg@@._V1_SX32_CR0,0,32,44_AL_.jpg','http://www.imdb.com/name/nm2037879'),('nm2047170','Emun Elliott','http://ia.media-imdb.com/images/M/MV5BMjAzNTg2NjMzOF5BMl5BanBnXkFtZTgwMzg2ODA3MjE@._V1_SY44_CR0,0,32,44_AL_.jpg','http://www.imdb.com/name/nm2047170'),('nm2049561','Connie Fletcher','','http://www.imdb.com/name/nm2049561'),('nm2055379','Tim Daggett','','http://www.imdb.com/name/nm2055379'),('nm2064862','Ingram Wilcox','','http://www.imdb.com/name/nm2064862'),('nm2067421','Gerard Johnstone',NULL,NULL),('nm2071088','Steven Liu','http://ia.media-imdb.com/images/M/MV5BMTM4NzUzNzgyMl5BMl5BanBnXkFtZTgwNDk0NTY3MDE@._V1_SX32_CR0,0,32,44_AL_.jpg','http://www.imdb.com/name/nm2071088'),('nm2075518','Bec Asha','http://ia.media-imdb.com/images/M/MV5BMjQwODQ4NzU5N15BMl5BanBnXkFtZTgwMzgyMjExMzE@._V1_SX32_CR0,0,32,44_AL_.jpg','http://www.imdb.com/name/nm2075518'),('nm2078151','Bianca Dye','','http://www.imdb.com/name/nm2078151'),('nm2092965','John Chester',NULL,NULL),('nm2093382','Mason Knight','','http://www.imdb.com/name/nm2093382'),('nm2094559','Kimberly Hill','','http://www.imdb.com/name/nm2094559'),('nm2101229','James Pizzinato','http://ia.media-imdb.com/images/M/MV5BMjE2NTQ4OTg5Nl5BMl5BanBnXkFtZTgwODAzNDAxMjE@._V1_SX32_CR0,0,32,44_AL_.jpg','http://www.imdb.com/name/nm2101229'),('nm2114049','Shawn Prince','http://ia.media-imdb.com/images/M/MV5BMTY4MzU0NDc3N15BMl5BanBnXkFtZTcwODQwNTMzMQ@@._V1_SX32_CR0,0,32,44_AL_.jpg','http://www.imdb.com/name/nm2114049'),('nm2115111','Dilshad Vadsaria','http://ia.media-imdb.com/images/M/MV5BMTAxNDczMTAxNjdeQTJeQWpwZ15BbWU4MDgwMjAzOTAx._V1_SX32_CR0,0,32,44_AL_.jpg','http://www.imdb.com/name/nm2115111'),('nm2128363','Paul Briggs','','http://www.imdb.com/name/nm2128363'),('nm2163489','Madison Bontempo','http://ia.media-imdb.com/images/M/MV5BMTY3ODA0Mzc4MV5BMl5BanBnXkFtZTcwNzE2MzI0Mw@@._V1_SX32_CR0,0,32,44_AL_.jpg','http://www.imdb.com/name/nm2163489'),('nm2182994','Eberhard Gienger','','http://www.imdb.com/name/nm2182994'),('nm2195817','Samantha Mahurin','','http://www.imdb.com/name/nm2195817'),('nm2195964','Pierre Thomas','','http://www.imdb.com/name/nm2195964'),('nm2204806','Lolita Foster','http://ia.media-imdb.com/images/M/MV5BMTc0NjgwMTI2MF5BMl5BanBnXkFtZTcwOTI0NzY0Nw@@._V1_SX32_CR0,0,32,44_AL_.jpg','http://www.imdb.com/name/nm2204806'),('nm2207222','Scott Eastwood','http://ia.media-imdb.com/images/M/MV5BMjk2NTIyNjU2NF5BMl5BanBnXkFtZTgwNjQ0NjMzMjE@._V1_SY44_CR20,0,32,44_AL_.jpg','http://www.imdb.com/name/nm2207222'),('nm2224588','Mark A. Pierce','http://ia.media-imdb.com/images/M/MV5BMjE1NjI0MjYyN15BMl5BanBnXkFtZTcwNDgwNzc0Mw@@._V1_SY44_CR3,0,32,44_AL_.jpg','http://www.imdb.com/name/nm2224588'),('nm2225369','Jennifer Lawrence','http://ia.media-imdb.com/images/M/MV5BMTM4OTY2MDY1M15BMl5BanBnXkFtZTcwNDYyNDM3NA@@._V1_SX32_CR0,0,32,44_AL_.jpg','http://www.imdb.com/name/nm2225369'),('nm2229622','Philip Hammond','','http://www.imdb.com/name/nm2229622'),('nm2233157','Adele','http://ia.media-imdb.com/images/M/MV5BMjA2OTQ3MDk3M15BMl5BanBnXkFtZTcwNzE4MDA0Nw@@._V1_SX32_CR0,0,32,44_AL_.jpg','http://www.imdb.com/name/nm2233157'),('nm2234403','Diana L. Eck','','http://www.imdb.com/name/nm2234403'),('nm2238342','Isis Valverde','','http://www.imdb.com/name/nm2238342'),('nm2257689','Andrea Jürgens','','http://www.imdb.com/name/nm2257689'),('nm2260236','Michael St. Germain','http://ia.media-imdb.com/images/M/MV5BMTQ2ODkyMTM3NF5BMl5BanBnXkFtZTgwODY2MzExMzE@._V1_SY44_CR6,0,32,44_AL_.jpg','http://www.imdb.com/name/nm2260236'),('nm2275927','Tom Myers','','http://www.imdb.com/name/nm2275927'),('nm2279940','Taylor Schilling','http://ia.media-imdb.com/images/M/MV5BMjE0ODIxNTczOF5BMl5BanBnXkFtZTcwMjE4Njg2Nw@@._V1_SX32_CR0,0,32,44_AL_.jpg','http://www.imdb.com/name/nm2279940'),('nm2284484','Gareth Edwards',NULL,NULL),('nm2286115','Luis Santamaría',NULL,NULL),('nm2288010','Daiane dos Santos','','http://www.imdb.com/name/nm2288010'),('nm2292466','Aisleyne Horgan-Wallace','http://ia.media-imdb.com/images/M/MV5BMjMyNDQzNTcxMV5BMl5BanBnXkFtZTgwODc0NzYwMDE@._V1_SY44_CR0,0,32,44_AL_.jpg','http://www.imdb.com/name/nm2292466'),('nm2320658','Don Hall',NULL,NULL),('nm2332723','Ken Proulx','','http://www.imdb.com/name/nm2332723'),('nm2357552','Vail Bloom','http://ia.media-imdb.com/images/M/MV5BMjEzNzcxMjIxNV5BMl5BanBnXkFtZTgwMjc2MDY0MDE@._V1_SX32_CR0,0,32,44_AL_.jpg','http://www.imdb.com/name/nm2357552'),('nm2365008','David Bradley','','http://www.imdb.com/name/nm2365008'),('nm2370462','Jonah Ray','','http://www.imdb.com/name/nm2370462'),('nm2382371','Andreas Zaron','','http://www.imdb.com/name/nm2382371'),('nm2393446','Anya Monzikova','http://ia.media-imdb.com/images/M/MV5BNDk4OTU2NzEzN15BMl5BanBnXkFtZTgwNzUxMjI5MDE@._V1_SY44_CR2,0,32,44_AL_.jpg','http://www.imdb.com/name/nm2393446'),('nm2394794','Karen Gillan','http://ia.media-imdb.com/images/M/MV5BMTQwMDQ0NDk1OV5BMl5BanBnXkFtZTcwNDcxOTExNg@@._V1_SX32_CR0,0,32,44_AL_.jpg','http://www.imdb.com/name/nm2394794'),('nm2398444','Dominic Fontana','','http://www.imdb.com/name/nm2398444'),('nm2401020','Will Poulter','http://ia.media-imdb.com/images/M/MV5BMTQ4NTc5Njk4Nl5BMl5BanBnXkFtZTgwMjQxNjgyMjE@._V1_SY44_CR0,0,32,44_AL_.jpg','http://www.imdb.com/name/nm2401020'),('nm2401804','Gary Biggar','','http://www.imdb.com/name/nm2401804'),('nm2414202','Zack Lively','http://ia.media-imdb.com/images/M/MV5BMTgyMzU0Njg3Nl5BMl5BanBnXkFtZTYwNDk0NDk3._V1_SX32_CR0,0,32,44_AL_.jpg','http://www.imdb.com/name/nm2414202'),('nm2426694','Diana Sorbello','','http://www.imdb.com/name/nm2426694'),('nm2427643','Grace Dent','','http://www.imdb.com/name/nm2427643'),('nm2438307','Dileep Rao','http://ia.media-imdb.com/images/M/MV5BMTI5Nzc2NTc2MF5BMl5BanBnXkFtZTcwMDM2MTc1Mg@@._V1_SY44_CR17,0,32,44_AL_.jpg','http://www.imdb.com/name/nm2438307'),('nm2475029','Ben Bledsoe','http://ia.media-imdb.com/images/M/MV5BNTkxODY3NjYyOF5BMl5BanBnXkFtZTcwMzU0MDAzMw@@._V1_SX32_CR0,0,32,44_AL_.jpg','http://www.imdb.com/name/nm2475029'),('nm2483866','Paula Macneill','','http://www.imdb.com/name/nm2483866'),('nm2487152','Vicky Jeudy','http://ia.media-imdb.com/images/M/MV5BMTY0MjY1MzQ3Nl5BMl5BanBnXkFtZTgwNDM0NTU1MzE@._V1_SY44_CR1,0,32,44_AL_.jpg','http://www.imdb.com/name/nm2487152'),('nm2499064','Uzo Aduba','http://ia.media-imdb.com/images/M/MV5BMTUzMDc5MjQzNl5BMl5BanBnXkFtZTgwNDE0ODYzMjE@._V1_SY44_CR17,0,32,44_AL_.jpg','http://www.imdb.com/name/nm2499064'),('nm2515564','Morgan Griffin','http://ia.media-imdb.com/images/M/MV5BMzEyMzEzMjY0M15BMl5BanBnXkFtZTgwNDAzNjYzMjE@._V1_SX32_CR0,0,32,44_AL_.jpg','http://www.imdb.com/name/nm2515564'),('nm2515790','Edward Espe Brown','http://ia.media-imdb.com/images/M/MV5BMTQ3NDUyMzI3NF5BMl5BanBnXkFtZTYwMzg3MDQ3._V1_SY44_CR13,0,32,44_AL_.jpg','http://www.imdb.com/name/nm2515790'),('nm2520265','Anders Kraft','','http://www.imdb.com/name/nm2520265'),('nm2531672','Mark Gable','','http://www.imdb.com/name/nm2531672'),('nm2534213','Daryl Braithwaite','','http://www.imdb.com/name/nm2534213'),('nm2534672','Gurumatha Amma','','http://www.imdb.com/name/nm2534672'),('nm2546012','Kaya Scodelario','http://ia.media-imdb.com/images/M/MV5BNjk5NjE5NTczMV5BMl5BanBnXkFtZTcwODI0OTM0NA@@._V1_SX32_CR0,0,32,44_AL_.jpg','http://www.imdb.com/name/nm2546012'),('nm2548370','Bob Buruchian',NULL,NULL),('nm2554352','T.J. Miller','http://ia.media-imdb.com/images/M/MV5BMjIwMzI0NTEwMF5BMl5BanBnXkFtZTcwMjk4MDkxNA@@._V1_SX32_CR0,0,32,44_AL_.jpg','http://www.imdb.com/name/nm2554352'),('nm2569470','Kathy Logan','','http://www.imdb.com/name/nm2569470'),('nm2570277','Kyle Watson','','http://www.imdb.com/name/nm2570277'),('nm2576356','Saad Siddiqui','http://ia.media-imdb.com/images/M/MV5BMjE4NDAzNzkyOF5BMl5BanBnXkFtZTcwOTEwMTA4OA@@._V1_SY44_CR6,0,32,44_AL_.jpg','http://www.imdb.com/name/nm2576356'),('nm2576486','Madison Riley','http://ia.media-imdb.com/images/M/MV5BMjI3MTc5ODA5MV5BMl5BanBnXkFtZTcwMDkyMzY5Nw@@._V1_SX32_CR0,0,32,44_AL_.jpg','http://www.imdb.com/name/nm2576486'),('nm2581730','Tai-Li Lee','','http://www.imdb.com/name/nm2581730'),('nm2588606','Steve McQueen',NULL,NULL),('nm2608689','Ellie Kemper','http://ia.media-imdb.com/images/M/MV5BMjIzMDU3NzE4NV5BMl5BanBnXkFtZTcwODQyNTQzNA@@._V1_SX32_CR0,0,32,44_AL_.jpg','http://www.imdb.com/name/nm2608689'),('nm2609910','Hue Rhodes',NULL,NULL),('nm2640264','CJ Adams','http://ia.media-imdb.com/images/M/MV5BMTQ0MjA2NTc4MF5BMl5BanBnXkFtZTgwMjE0NTE5MTE@._V1_SX32_CR0,0,32,44_AL_.jpg','http://www.imdb.com/name/nm2640264'),('nm2640686','Harry Buerkle',NULL,NULL),('nm2652095','Laura Haddock','http://ia.media-imdb.com/images/M/MV5BMTcyNzMxNjE3Nl5BMl5BanBnXkFtZTcwODM4MzYzOQ@@._V1_SX32_CR0,0,32,44_AL_.jpg','http://www.imdb.com/name/nm2652095'),('nm2667446','Al Campbell','','http://www.imdb.com/name/nm2667446'),('nm2674316','Jessica Jordan Burton','','http://www.imdb.com/name/nm2674316'),('nm2676147','Jonathan Groff','http://ia.media-imdb.com/images/M/MV5BNTc1MjkxMDQ0MF5BMl5BanBnXkFtZTcwODg5MTg5OA@@._V1_SX32_CR0,0,32,44_AL_.jpg','http://www.imdb.com/name/nm2676147'),('nm2680655','Vas Saranga','http://ia.media-imdb.com/images/M/MV5BNjUzNjM4NDIxNF5BMl5BanBnXkFtZTgwNzI0OTI2MTE@._V1_SY44_CR11,0,32,44_AL_.jpg','http://www.imdb.com/name/nm2680655'),('nm2690616','Carolina Clemente','','http://www.imdb.com/name/nm2690616'),('nm2698167','Asha Kuerten','','http://www.imdb.com/name/nm2698167'),('nm2723932','Bill Carter','','http://www.imdb.com/name/nm2723932'),('nm2736690','Alicia von Rittberg','http://ia.media-imdb.com/images/M/MV5BMTQyODEwNzY1OF5BMl5BanBnXkFtZTgwMTc3NjMwMzE@._V1_SX32_CR0,0,32,44_AL_.jpg','http://www.imdb.com/name/nm2736690'),('nm2766708','Dexter Darden','http://ia.media-imdb.com/images/M/MV5BNTE3NTYzMTI1NF5BMl5BanBnXkFtZTcwNDU0NjUxOA@@._V1_SY44_CR1,0,32,44_AL_.jpg','http://www.imdb.com/name/nm2766708'),('nm2778589','Terry Lofrese','','http://www.imdb.com/name/nm2778589'),('nm2783914','Charles Babington','','http://www.imdb.com/name/nm2783914'),('nm2787479','Gretta Monahan','http://ia.media-imdb.com/images/M/MV5BMjAwMzE0ODk4Ml5BMl5BanBnXkFtZTcwMjYzOTI5MQ@@._V1_SX32_CR0,0,32,44_AL_.jpg','http://www.imdb.com/name/nm2787479'),('nm2790918','Michelle Bernard','','http://www.imdb.com/name/nm2790918'),('nm2791093','Matt McGorry','http://ia.media-imdb.com/images/M/MV5BMTQ1NTkxNDI2OV5BMl5BanBnXkFtZTcwMjM0NDU3OQ@@._V1_SX32_CR0,0,32,44_AL_.jpg','http://www.imdb.com/name/nm2791093'),('nm2802299','Bret Bielema','','http://www.imdb.com/name/nm2802299'),('nm2827006','Nicholas Rich',NULL,NULL),('nm2832465','David Wessel','','http://www.imdb.com/name/nm2832465'),('nm2860238','Anthony Smith','','http://www.imdb.com/name/nm2860238'),('nm2867639','Carole Lochhead',NULL,NULL),('nm2868463','Roberto Rosaly','','http://www.imdb.com/name/nm2868463'),('nm2881390','Hugh Montgomery','','http://www.imdb.com/name/nm2881390'),('nm2890541','Josh Helman','http://ia.media-imdb.com/images/M/MV5BMTQ4MTg4ODEzM15BMl5BanBnXkFtZTcwNDYwMDQyMw@@._V1_SY44_CR2,0,32,44_AL_.jpg','http://www.imdb.com/name/nm2890541'),('nm2904009','Ryan Lampp','http://ia.media-imdb.com/images/M/MV5BMTk4NDg3NjA1NF5BMl5BanBnXkFtZTcwMzQ4MzQwOQ@@._V1_SY44_CR1,0,32,44_AL_.jpg','http://www.imdb.com/name/nm2904009'),('nm2905410','Patrick Campion','','http://www.imdb.com/name/nm2905410'),('nm2905497','Andrew Swenson','','http://www.imdb.com/name/nm2905497'),('nm2909650','Charles Swensen','','http://www.imdb.com/name/nm2909650'),('nm2910152','Ken Verderame','','http://www.imdb.com/name/nm2910152'),('nm2911593','Asami Abe','','http://www.imdb.com/name/nm2911593'),('nm2925939','Alexander Artemev','','http://www.imdb.com/name/nm2925939'),('nm2944712','Cinthia Burke','','http://www.imdb.com/name/nm2944712'),('nm2949014','Santino Fontana','http://ia.media-imdb.com/images/M/MV5BNzE1NTc1MTg2OF5BMl5BanBnXkFtZTgwMzgwMzcxMzE@._V1_SX32_CR0,0,32,44_AL_.jpg','http://www.imdb.com/name/nm2949014'),('nm2950078','Will Cuddy','http://ia.media-imdb.com/images/M/MV5BMTgzMDgzOTUxMl5BMl5BanBnXkFtZTgwOTM3MjA2MzE@._V1_SY44_CR1,0,32,44_AL_.jpg','http://www.imdb.com/name/nm2950078'),('nm2955013','Liam Hemsworth','http://ia.media-imdb.com/images/M/MV5BMTQ5ODI0MDc4M15BMl5BanBnXkFtZTgwNTM5MDk3MTE@._V1_SX32_CR0,0,32,44_AL_.jpg','http://www.imdb.com/name/nm2955013'),('nm2970145','William G. Dever','','http://www.imdb.com/name/nm2970145'),('nm2985473','Carla Brown','','http://www.imdb.com/name/nm2985473'),('nm3005544','James D. Rolfe','','http://www.imdb.com/name/nm3005544'),('nm3006224','Mike Matei','http://ia.media-imdb.com/images/M/MV5BMTY3MjA0NzUwOV5BMl5BanBnXkFtZTgwMzgxNzA4MDE@._V1_SY44_CR6,0,32,44_AL_.jpg','http://www.imdb.com/name/nm3006224'),('nm3006818','Analeigh Tipton','http://ia.media-imdb.com/images/M/MV5BMjEwOTc4ODMxMl5BMl5BanBnXkFtZTcwMTMwNTE5Ng@@._V1_SX32_CR0,0,32,44_AL_.jpg','http://www.imdb.com/name/nm3006818'),('nm3010041','Alina Kaufman','','http://www.imdb.com/name/nm3010041'),('nm3017728','Erik Kuselias','','http://www.imdb.com/name/nm3017728'),('nm3067755','Richard Alan Nash','','http://www.imdb.com/name/nm3067755'),('nm3073387','Ahmed Hassan','http://ia.media-imdb.com/images/M/MV5BMTU2NzAzMjQ5OV5BMl5BanBnXkFtZTcwNDc0NDI0OQ@@._V1_SX32_CR0,0,32,44_AL_.jpg','http://www.imdb.com/name/nm3073387'),('nm3089712','Hayley Cunningham','','http://www.imdb.com/name/nm3089712'),('nm3090119','Karlya Smith','','http://www.imdb.com/name/nm3090119'),('nm3091201','Samuel Mortimer','','http://www.imdb.com/name/nm3091201'),('nm3092056','John Keogh','','http://www.imdb.com/name/nm3092056'),('nm3094377','Willow Shields','http://ia.media-imdb.com/images/M/MV5BMTY4OTM4NDI1MF5BMl5BanBnXkFtZTgwODQwNzg2MTE@._V1_SX32_CR0,0,32,44_AL_.jpg','http://www.imdb.com/name/nm3094377'),('nm3095562','Tuppence Middleton','http://ia.media-imdb.com/images/M/MV5BMTg0NTE5NDkxNF5BMl5BanBnXkFtZTgwMzE2NDc1MTE@._V1_SX32_CR0,0,32,44_AL_.jpg','http://www.imdb.com/name/nm3095562'),('nm3096614','Reila Aphrodite','','http://www.imdb.com/name/nm3096614'),('nm3097137','J. Mark Emerson','','http://www.imdb.com/name/nm3097137'),('nm3097152','Tim Hendricks','','http://www.imdb.com/name/nm3097152'),('nm3097851','Baby Dre','','http://www.imdb.com/name/nm3097851'),('nm3099110','Lincoln Geraghty','','http://www.imdb.com/name/nm3099110'),('nm3099322','Danielle Schnieder','','http://www.imdb.com/name/nm3099322'),('nm3099352','Amber Hawk Swanson','','http://www.imdb.com/name/nm3099352'),('nm3099586','Louis Savy','','http://www.imdb.com/name/nm3099586'),('nm3099746','James \'Bus\' Cook','','http://www.imdb.com/name/nm3099746'),('nm3099901','Brian Stableford','','http://www.imdb.com/name/nm3099901'),('nm3100050','Shura Taft','','http://www.imdb.com/name/nm3100050'),('nm3100066','Mike Tannenbaum','','http://www.imdb.com/name/nm3100066'),('nm3100188','Roz Kaveney','','http://www.imdb.com/name/nm3100188'),('nm3100313','Ray Bowyer','','http://www.imdb.com/name/nm3100313'),('nm3100542','Vichea Chea','','http://www.imdb.com/name/nm3100542'),('nm3100592','Firenze Crawford','','http://www.imdb.com/name/nm3100592'),('nm3100747','Brenda Marie Phillips','http://ia.media-imdb.com/images/M/MV5BMTgzMjI5MDQ3N15BMl5BanBnXkFtZTcwNTg1NTkyOQ@@._V1_SX32_CR0,0,32,44_AL_.jpg','http://www.imdb.com/name/nm3100747'),('nm3100901','Nirantara Dasa','','http://www.imdb.com/name/nm3100901'),('nm3100947','Charles Cannon','','http://www.imdb.com/name/nm3100947'),('nm3100952','Brother Atmananda','','http://www.imdb.com/name/nm3100952'),('nm3101009','Mani Bhaumik','http://ia.media-imdb.com/images/M/MV5BMTg3OTg0MTE3M15BMl5BanBnXkFtZTcwNjgwOTc3Mw@@._V1_SY44_CR2,0,32,44_AL_.jpg','http://www.imdb.com/name/nm3101009'),('nm3101045','Timothy Cubbison','','http://www.imdb.com/name/nm3101045'),('nm3101116','Ronald Alexander','','http://www.imdb.com/name/nm3101116'),('nm3101136','Samnang Born','','http://www.imdb.com/name/nm3101136'),('nm3101166','Peri Doslu','','http://www.imdb.com/name/nm3101166'),('nm3101183','Bradley Cox',NULL,NULL),('nm3101209','Rainsy Sam','','http://www.imdb.com/name/nm3101209'),('nm3101210','Sam Oeun Sok','','http://www.imdb.com/name/nm3101210'),('nm3101240','Swami Chetanananda','','http://www.imdb.com/name/nm3101240'),('nm3101248','Pamela Bothwell','','http://www.imdb.com/name/nm3101248'),('nm3101259','Jacob Swan Hyam',NULL,NULL),('nm3101586','Elizabeth Thorndike','','http://www.imdb.com/name/nm3101586'),('nm3103294','Rose Drew','','http://www.imdb.com/name/nm3103294'),('nm3103798','Mark Stretton','','http://www.imdb.com/name/nm3103798'),('nm3103808','Steve Stratton','','http://www.imdb.com/name/nm3103808'),('nm3104253','Lynne Bell','','http://www.imdb.com/name/nm3104253'),('nm3104461','Colin McKewan','','http://www.imdb.com/name/nm3104461'),('nm3104627','Fares Haddad','','http://www.imdb.com/name/nm3104627'),('nm3104941','Alex Hildred','','http://www.imdb.com/name/nm3104941'),('nm3104990','Lesley Runnalls','','http://www.imdb.com/name/nm3104990'),('nm3105286','Ann Stirland','','http://www.imdb.com/name/nm3105286'),('nm3105752','Colin Herriett','','http://www.imdb.com/name/nm3105752'),('nm3110666','Lisa Hawkins','','http://www.imdb.com/name/nm3110666'),('nm3116458','Amanda Japp','','http://www.imdb.com/name/nm3116458'),('nm3116922','Alain Bernard','','http://www.imdb.com/name/nm3116922'),('nm3117320','Jackie Cruz','http://ia.media-imdb.com/images/M/MV5BMjI2ODM4OTEzN15BMl5BanBnXkFtZTgwMzEwNTk4MDE@._V1_SY44_CR17,0,32,44_AL_.jpg','http://www.imdb.com/name/nm3117320'),('nm3117751','Elisabeth Horrell','','http://www.imdb.com/name/nm3117751'),('nm3117794','Steve Quinlivan','','http://www.imdb.com/name/nm3117794'),('nm3121798','Holger Schäfer','','http://www.imdb.com/name/nm3121798'),('nm3126834','Daniel Simpson','http://ia.media-imdb.com/images/M/MV5BMTkzMjAzNTEyN15BMl5BanBnXkFtZTcwMTUwNTk2OA@@._V1_SX32_CR0,0,32,44_AL_.jpg','http://www.imdb.com/name/nm3126834'),('nm3127452','Johny Fontaine','','http://www.imdb.com/name/nm3127452'),('nm3127571','Königwerq','','http://www.imdb.com/name/nm3127571'),('nm3127649','Anna Dogonadze','','http://www.imdb.com/name/nm3127649'),('nm3127740','Marc Barthel','','http://www.imdb.com/name/nm3127740'),('nm3127905','Bruce Rothschild','','http://www.imdb.com/name/nm3127905'),('nm3128299','Lais Franzen','','http://www.imdb.com/name/nm3128299'),('nm3130012','Mark Marshall','','http://www.imdb.com/name/nm3130012'),('nm3130037','Greg St. Pierre','http://ia.media-imdb.com/images/M/MV5BMTgwMTYxOTQ3Nl5BMl5BanBnXkFtZTcwOTA4NzA2OQ@@._V1_SY44_CR13,0,32,44_AL_.jpg','http://www.imdb.com/name/nm3130037'),('nm3150488','Douglas Booth','http://ia.media-imdb.com/images/M/MV5BMTY4MzUzMjM2Nl5BMl5BanBnXkFtZTgwNDcxMTUyMjE@._V1_SX32_CR0,0,32,44_AL_.jpg','http://www.imdb.com/name/nm3150488'),('nm3157856','Krisztina Koltai','http://ia.media-imdb.com/images/M/MV5BMjI4ODYxNjgzNl5BMl5BanBnXkFtZTgwODYwOTUyMTE@._V1_SY44_CR18,0,32,44_AL_.jpg','http://www.imdb.com/name/nm3157856'),('nm3163952','Pierce Gagnon','http://ia.media-imdb.com/images/M/MV5BMTM3Mjk3Nzc1MF5BMl5BanBnXkFtZTcwMjg3MDk0OA@@._V1_SX32_CR0,0,32,44_AL_.jpg','http://www.imdb.com/name/nm3163952'),('nm3166754','Adrienne C. Moore','http://ia.media-imdb.com/images/M/MV5BMTM3NTE4Mjg4MF5BMl5BanBnXkFtZTcwNzEyMzgxOQ@@._V1_SY44_CR13,0,32,44_AL_.jpg','http://www.imdb.com/name/nm3166754'),('nm3173692','Motoko Fujimoto','','http://www.imdb.com/name/nm3173692'),('nm3173826','Naho Emoto','','http://www.imdb.com/name/nm3173826'),('nm3220845','Gary T. Carlin','','http://www.imdb.com/name/nm3220845'),('nm3342825','Andrea Deck','http://ia.media-imdb.com/images/M/MV5BMjI0MTgwODg3Ml5BMl5BanBnXkFtZTgwNzUxMjc2MDE@._V1_SX32_CR0,0,32,44_AL_.jpg','http://www.imdb.com/name/nm3342825'),('nm3363413','Cole Cockburn','','http://www.imdb.com/name/nm3363413'),('nm3395766','Carson Bolde','http://ia.media-imdb.com/images/M/MV5BMjE0NzQ1NDE3M15BMl5BanBnXkFtZTgwMDAyNjA5MDE@._V1_SX32_CR0,0,32,44_AL_.jpg','http://www.imdb.com/name/nm3395766'),('nm3434785','Valerie Jene','','http://www.imdb.com/name/nm3434785'),('nm3438486','Lisa N Edwards','http://ia.media-imdb.com/images/M/MV5BMTYwMDY1NzgxNV5BMl5BanBnXkFtZTgwNzMzMTQzMjE@._V1_SY44_CR0,0,32,44_AL_.jpg','http://www.imdb.com/name/nm3438486'),('nm3446876','Lenore Skenazy','','http://www.imdb.com/name/nm3446876'),('nm3450051','Richard Cabral','http://ia.media-imdb.com/images/M/MV5BMTc0OTEzMDg3MF5BMl5BanBnXkFtZTgwNjAwMjY4MTE@._V1_SX32_CR0,0,32,44_AL_.jpg','http://www.imdb.com/name/nm3450051'),('nm3466196','Alan Powell','http://ia.media-imdb.com/images/M/MV5BMTY0MTI1NTk3N15BMl5BanBnXkFtZTgwMzc5NzU1MzE@._V1_SY44_CR8,0,32,44_AL_.jpg','http://www.imdb.com/name/nm3466196'),('nm3480246','Ella Purnell','http://ia.media-imdb.com/images/M/MV5BODIyMDg0MTI0NF5BMl5BanBnXkFtZTcwOTg5MjI4OQ@@._V1_SY44_CR0,0,32,44_AL_.jpg','http://www.imdb.com/name/nm3480246'),('nm3485153','James Northcote','http://ia.media-imdb.com/images/M/MV5BMjMzMDM5MjUwNV5BMl5BanBnXkFtZTgwNTE0NzgzMDE@._V1_SX32_CR0,0,32,44_AL_.jpg','http://www.imdb.com/name/nm3485153'),('nm3510471','Sam Claflin','http://ia.media-imdb.com/images/M/MV5BMjI5MDQ4ODYzNV5BMl5BanBnXkFtZTcwOTg1MzMyOQ@@._V1_SX32_CR0,0,32,44_AL_.jpg','http://www.imdb.com/name/nm3510471'),('nm3520393','Dar Dash','http://ia.media-imdb.com/images/M/MV5BMTU4OTEzNzgyMl5BMl5BanBnXkFtZTgwMDkwOTk0MDE@._V1_SY44_CR1,0,32,44_AL_.jpg','http://www.imdb.com/name/nm3520393'),('nm3526370','Brianne Howey','http://ia.media-imdb.com/images/M/MV5BNTcxOTc5NDM3M15BMl5BanBnXkFtZTcwMTUwMDYwOA@@._V1_SX32_CR0,0,32,44_AL_.jpg','http://www.imdb.com/name/nm3526370'),('nm3526638','Luc Roderique','http://ia.media-imdb.com/images/M/MV5BMTU5MTkxNzEzMl5BMl5BanBnXkFtZTgwMTI1OTEwMDE@._V1_SY44_CR15,0,32,44_AL_.jpg','http://www.imdb.com/name/nm3526638'),('nm3601794','Ash Knight','','http://www.imdb.com/name/nm3601794'),('nm3606106','Sterling Jerins','http://ia.media-imdb.com/images/M/MV5BMTM4OTQ3MDg4Ml5BMl5BanBnXkFtZTcwNTQzNDU1OQ@@._V1_SX32_CR0,0,32,44_AL_.jpg','http://www.imdb.com/name/nm3606106'),('nm3632976','Jacob Latimore','http://ia.media-imdb.com/images/M/MV5BMTUxNDkxNTY2N15BMl5BanBnXkFtZTgwNjg2ODg3MjE@._V1_SY44_CR1,0,32,44_AL_.jpg','http://www.imdb.com/name/nm3632976'),('nm3637500','Claire Geare','http://ia.media-imdb.com/images/M/MV5BODM5MTAwMTczNF5BMl5BanBnXkFtZTgwOTc4MzY1MzE@._V1_SX32_CR0,0,32,44_AL_.jpg','http://www.imdb.com/name/nm3637500'),('nm3723774','Osn Ral','','http://www.imdb.com/name/nm3723774'),('nm3727971','Alex Hafner','http://ia.media-imdb.com/images/M/MV5BMjEwMzI1NjYwNV5BMl5BanBnXkFtZTgwNDI2ODgxMzE@._V1_SX32_CR0,0,32,44_AL_.jpg','http://www.imdb.com/name/nm3727971'),('nm3729721','Dylan O\'Brien','http://ia.media-imdb.com/images/M/MV5BNjY0NDE5MDQ5OF5BMl5BanBnXkFtZTcwMTI4MDQxOA@@._V1_SY44_CR1,0,32,44_AL_.jpg','http://www.imdb.com/name/nm3729721'),('nm3775364','Cory Bossom','','http://www.imdb.com/name/nm3775364'),('nm3776409','Derek Nolan','','http://www.imdb.com/name/nm3776409'),('nm3810470','Alec Rosa','','http://www.imdb.com/name/nm3810470'),('nm3859624','Ki Hong Lee','http://ia.media-imdb.com/images/M/MV5BNDYzNDQwNzYxOF5BMl5BanBnXkFtZTgwODY3NTcwMjE@._V1_SY44_CR17,0,32,44_AL_.jpg','http://www.imdb.com/name/nm3859624'),('nm3867299','Alex Lawther','','http://www.imdb.com/name/nm3867299'),('nm3908468','Pierre Grammont','','http://www.imdb.com/name/nm3908468'),('nm3918709','Gavin Casalegno','http://ia.media-imdb.com/images/M/MV5BMTUwOTY4MzYyOV5BMl5BanBnXkFtZTgwNTkwNDA0MzE@._V1_SY44_CR1,0,32,44_AL_.jpg','http://www.imdb.com/name/nm3918709'),('nm3931538','Sam Richardson','','http://www.imdb.com/name/nm3931538'),('nm3960408','Magnus Nolan','','http://www.imdb.com/name/nm3960408'),('nm3966184','Joe Adler','http://ia.media-imdb.com/images/M/MV5BNjU1NzM4NjQ5Nl5BMl5BanBnXkFtZTcwMTc3NjA4OA@@._V1_SX32_CR0,0,32,44_AL_.jpg','http://www.imdb.com/name/nm3966184'),('nm3994407','Ryan Potter','http://ia.media-imdb.com/images/M/MV5BMTQwMzY3NTA2N15BMl5BanBnXkFtZTcwMDY5MTA0OQ@@._V1_SX32_CR0,0,32,44_AL_.jpg','http://www.imdb.com/name/nm3994407'),('nm4026222','Hannah New','http://ia.media-imdb.com/images/M/MV5BMTU5MDQzOTI4M15BMl5BanBnXkFtZTgwOTc1MzAzMDE@._V1_SX32_CR0,0,32,44_AL_.jpg','http://www.imdb.com/name/nm4026222'),('nm4058898','Diane Guerrero','http://ia.media-imdb.com/images/M/MV5BMTQ5NzAxOTIxNV5BMl5BanBnXkFtZTgwNzg4MDE0MjE@._V1_SX32_CR0,0,32,44_AL_.jpg','http://www.imdb.com/name/nm4058898'),('nm4148126','Samira Wiley','http://ia.media-imdb.com/images/M/MV5BODU2MTQxMDg0OV5BMl5BanBnXkFtZTcwNDA1NjMzNg@@._V1_SX32_CR0,0,32,44_AL_.jpg','http://www.imdb.com/name/nm4148126'),('nm4154798','Brenton Thwaites','http://ia.media-imdb.com/images/M/MV5BMTcwMTY3MjE5NF5BMl5BanBnXkFtZTcwNzM3NjU2Ng@@._V1_SX32_CR0,0,32,44_AL_.jpg','http://www.imdb.com/name/nm4154798'),('nm4174653','Harrison Holzer','http://ia.media-imdb.com/images/M/MV5BMTYyODA3NzU2Ml5BMl5BanBnXkFtZTgwMjgwODM5MjE@._V1_SX32_CR0,0,32,44_AL_.jpg','http://www.imdb.com/name/nm4174653'),('nm4181314','Eva Bella','http://ia.media-imdb.com/images/M/MV5BNDYwNTEzNjc3Nl5BMl5BanBnXkFtZTgwMTA3OTAwMTE@._V1_SX32_CR0,0,32,44_AL_.jpg','http://www.imdb.com/name/nm4181314'),('nm4190172','Bruce Bundy','http://ia.media-imdb.com/images/M/MV5BMTUyMTM3ODc1NV5BMl5BanBnXkFtZTgwODc5NTU2MDE@._V1_SX32_CR0,0,32,44_AL_.jpg','http://www.imdb.com/name/nm4190172'),('nm4228422','Abigail Hargrove','http://ia.media-imdb.com/images/M/MV5BMjEzNzYxOTY3Ml5BMl5BanBnXkFtZTcwNTAyOTM3OQ@@._V1_SY44_CR0,0,32,44_AL_.jpg','http://www.imdb.com/name/nm4228422'),('nm4256860','Loïc Brabant','','http://www.imdb.com/name/nm4256860'),('nm4271711','Sebastian Hedges Thomas','http://ia.media-imdb.com/images/M/MV5BMTc0MDIxNDc0Nl5BMl5BanBnXkFtZTcwOTU2NjM0OQ@@._V1_SX32_CR0,0,32,44_AL_.jpg','http://www.imdb.com/name/nm4271711'),('nm4373446','Patricia Martínez','','http://www.imdb.com/name/nm4373446'),('nm4425051','Jack Quaid','http://ia.media-imdb.com/images/M/MV5BMTc4NTkwODEzMF5BMl5BanBnXkFtZTcwNjg0ODA2OA@@._V1_SX32_CR0,0,32,44_AL_.jpg','http://www.imdb.com/name/nm4425051'),('nm4437821','James Wilcox','http://ia.media-imdb.com/images/M/MV5BMjA0ODg0MzYwM15BMl5BanBnXkFtZTcwMDI2MDA2OQ@@._V1_SX32_CR0,0,32,44_AL_.jpg','http://www.imdb.com/name/nm4437821'),('nm4446467','Tye Sheridan','http://ia.media-imdb.com/images/M/MV5BMTQ1NTE5Mjg2OF5BMl5BanBnXkFtZTgwODMyOTYxMDE@._V1_SX32_CR0,0,32,44_AL_.jpg','http://www.imdb.com/name/nm4446467'),('nm4447472','Hunter McCracken','','http://www.imdb.com/name/nm4447472'),('nm4463970','Jessica Fuselier','','http://www.imdb.com/name/nm4463970'),('nm4464052','Bryce Boudoin','','http://www.imdb.com/name/nm4464052'),('nm4464090','Laramie Eppler','','http://www.imdb.com/name/nm4464090'),('nm4464659','Jimmy Donaldson','','http://www.imdb.com/name/nm4464659'),('nm4464700','Kelly Koonce','','http://www.imdb.com/name/nm4464700'),('nm4465297','Kameron Vaughn','','http://www.imdb.com/name/nm4465297'),('nm4524984','Julie Lake','http://ia.media-imdb.com/images/M/MV5BMjgwMDAwNzY0NV5BMl5BanBnXkFtZTgwNDg2NjYzMjE@._V1_SY44_CR11,0,32,44_AL_.jpg','http://www.imdb.com/name/nm4524984'),('nm4590173','Emma Tremblay','http://ia.media-imdb.com/images/M/MV5BNTcwNzI1ODYxOV5BMl5BanBnXkFtZTcwMzEzNzM5OQ@@._V1_SY44_CR0,0,32,44_AL_.jpg','http://www.imdb.com/name/nm4590173'),('nm4609234','John Rodarte','','http://www.imdb.com/name/nm4609234'),('nm4611523','Izzy Skenazy','','http://www.imdb.com/name/nm4611523'),('nm4612821','Erin Runnion','','http://www.imdb.com/name/nm4612821'),('nm4612881','Ann Marie Frohoff','','http://www.imdb.com/name/nm4612881'),('nm4613682','L.J. Williamson','','http://www.imdb.com/name/nm4613682'),('nm4617335','Jared Maloff','','http://www.imdb.com/name/nm4617335'),('nm4627784','Peter Parr','','http://www.imdb.com/name/nm4627784'),('nm4630092','Erika Schluntz Bannish','','http://www.imdb.com/name/nm4630092'),('nm4648858','Steven R. Simms','','http://www.imdb.com/name/nm4648858'),('nm4654409','Martha Sharp Joukowsky','','http://www.imdb.com/name/nm4654409'),('nm4745601','Dascha Polanco','http://ia.media-imdb.com/images/M/MV5BMTA3NDk4MDE5NzZeQTJeQWpwZ15BbWU3MDQ5MzA2NDk@._V1_SY44_CR1,0,32,44_AL_.jpg','http://www.imdb.com/name/nm4745601'),('nm4747398','Michael Higgins','','http://www.imdb.com/name/nm4747398'),('nm4776586','Randall D. Cunningham','http://ia.media-imdb.com/images/M/MV5BMjAzOTQ1MjA3M15BMl5BanBnXkFtZTcwMTc3MTY2OA@@._V1_SY44_CR17,0,32,44_AL_.jpg','http://www.imdb.com/name/nm4776586'),('nm4797104','Jackson Bews','http://ia.media-imdb.com/images/M/MV5BMTU1MTQwNDgzNV5BMl5BanBnXkFtZTgwNzI2NzY3MjE@._V1_SX32_CR0,0,32,44_AL_.jpg','http://www.imdb.com/name/nm4797104'),('nm4832920','Quvenzhané Wallis','http://ia.media-imdb.com/images/M/MV5BMTk0NTk4NzUzN15BMl5BanBnXkFtZTcwMzI5MjQ5OA@@._V1_SX32_CR0,0,32,44_AL_.jpg','http://www.imdb.com/name/nm4832920'),('nm4833412','Dwight Henry','http://ia.media-imdb.com/images/M/MV5BMjA2NjI4NTk4OF5BMl5BanBnXkFtZTcwOTc1NDM4Nw@@._V1_SX32_CR0,0,32,44_AL_.jpg','http://www.imdb.com/name/nm4833412'),('nm4948500','Blake Cooper','http://ia.media-imdb.com/images/M/MV5BMTkyNDk1OTQ2N15BMl5BanBnXkFtZTgwMTEyNDIwMzE@._V1_SX32_CR0,0,32,44_AL_.jpg','http://www.imdb.com/name/nm4948500'),('nm5162411','Leo McHugh Carroll','http://ia.media-imdb.com/images/M/MV5BMjIyMDEyNzI2Nl5BMl5BanBnXkFtZTgwMDAwNzk0MTE@._V1_SX32_CR0,0,32,44_AL_.jpg','http://www.imdb.com/name/nm5162411'),('nm5244012','Cameron Zeigler','http://ia.media-imdb.com/images/M/MV5BMjIwNzk3Nzk0Nl5BMl5BanBnXkFtZTgwODE3MDg2MDE@._V1_SY44_CR17,0,32,44_AL_.jpg','http://www.imdb.com/name/nm5244012'),('nm5244059','Kevin Vance','http://ia.media-imdb.com/images/M/MV5BMTUwNzY4Njc2MF5BMl5BanBnXkFtZTgwNDUyNzk2MDE@._V1_SX32_CR0,0,32,44_AL_.jpg','http://www.imdb.com/name/nm5244059'),('nm5302392','John Sinclair','','http://www.imdb.com/name/nm5302392'),('nm5335029','Danielle Brooks','http://ia.media-imdb.com/images/M/MV5BMTQ0ODc3NjQ3NV5BMl5BanBnXkFtZTgwODIxODIwMTE@._V1_SY44_CR19,0,32,44_AL_.jpg','http://www.imdb.com/name/nm5335029'),('nm5338034','Giselle Eisenberg','http://ia.media-imdb.com/images/M/MV5BMTY4NTI3MzI4NF5BMl5BanBnXkFtZTgwMDM5ODM0MzE@._V1_SX32_CR0,0,32,44_AL_.jpg','http://www.imdb.com/name/nm5338034'),('nm5597831','Livvy Stubenrauch','http://ia.media-imdb.com/images/M/MV5BMjM0NTkyMzk0OF5BMl5BanBnXkFtZTgwMDgxMjE1MjE@._V1_SY44_CR1,0,32,44_AL_.jpg','http://www.imdb.com/name/nm5597831'),('nm5750580','Kelly Schembri','http://ia.media-imdb.com/images/M/MV5BMTk3NDk3ODcyMF5BMl5BanBnXkFtZTcwODA3OTI3OQ@@._V1_SY44_CR1,0,32,44_AL_.jpg','http://www.imdb.com/name/nm5750580'),('nm5911607','Kent Williams','','http://www.imdb.com/name/nm5911607'),('nm5958824','Nicolas Phongpheth','','http://www.imdb.com/name/nm5958824'),('nm5985215','Isobelle Molloy','http://ia.media-imdb.com/images/M/MV5BNTc1MDQ1ODQwNF5BMl5BanBnXkFtZTgwMjYyNTExMzE@._V1_SX32_CR0,0,32,44_AL_.jpg','http://www.imdb.com/name/nm5985215'),('nm6003176','Dickie Gravois','','http://www.imdb.com/name/nm6003176'),('nm6003177','Mister Mackey Jr.','','http://www.imdb.com/name/nm6003177'),('nm6053309','Cesar Aguirre','','http://www.imdb.com/name/nm6053309'),('nm6104921','Maia Wilson','','http://www.imdb.com/name/nm6104921'),('nm6117010','Peter Bergman','http://ia.media-imdb.com/images/M/MV5BMTQ3MzkyNDUwMl5BMl5BanBnXkFtZTcwMjk4OTMwOA@@._V1_SY44_CR1,0,32,44_AL_.jpg','http://www.imdb.com/name/nm6117010'),('nm6325575','Bertrand Quoniam','','http://www.imdb.com/name/nm6325575'),('nm6573242','Jade Barbosa','','http://www.imdb.com/name/nm6573242'),('nm6581752','Ethiene Franco','','http://www.imdb.com/name/nm6581752');
/*!40000 ALTER TABLE `ACTOR` ENABLE KEYS */;
UNLOCK TABLES;

--
-- Table structure for table `DIRECT`
--

DROP TABLE IF EXISTS `DIRECT`;
/*!40101 SET @saved_cs_client     = @@character_set_client */;
/*!40101 SET character_set_client = utf8 */;
CREATE TABLE `DIRECT` (
  `MOVIE_IMDB_ID` varchar(20) NOT NULL,
  `DIRECTOR_IMDB_ID` varchar(20) NOT NULL,
  PRIMARY KEY (`MOVIE_IMDB_ID`,`DIRECTOR_IMDB_ID`),
  KEY `DIRECTOR_IMDB_ID` (`DIRECTOR_IMDB_ID`),
  CONSTRAINT `direct_ibfk_1` FOREIGN KEY (`MOVIE_IMDB_ID`) REFERENCES `MOVIE` (`MOVIE_IMDB_ID`),
  CONSTRAINT `direct_ibfk_2` FOREIGN KEY (`DIRECTOR_IMDB_ID`) REFERENCES `ACTOR` (`ACTOR_IMDB_ID`)
) ENGINE=InnoDB DEFAULT CHARSET=latin1;
/*!40101 SET character_set_client = @saved_cs_client */;

--
-- Dumping data for table `DIRECT`
--

LOCK TABLES `DIRECT` WRITE;
/*!40000 ALTER TABLE `DIRECT` DISABLE KEYS */;
INSERT INTO `DIRECT` VALUES ('tt2872732','nm0000108'),('tt1276201','nm0000217'),('tt0137523','nm0000399'),('tt0478304','nm0000517'),('tt0332452','nm0000583'),('tt2190984','nm0000631'),('tt2193215','nm0000631'),('tt1276017','nm0001565'),('tt1877832','nm0001741'),('tt2209764','nm0002892'),('tt1959490','nm0004716'),('tt1276053','nm0024619'),('tt2713180','nm0043742'),('tt1276020','nm0066587'),('tt1276071','nm0076227'),('tt1276164','nm0117275'),('tt1276166','nm0117275'),('tt2294629','nm0118333'),('tt1276167','nm0149548'),('tt1276172','nm0149548'),('tt1276024','nm0181820'),('tt1276025','nm0181820'),('tt1276026','nm0181820'),('tt1276027','nm0181820'),('tt1276028','nm0181820'),('tt1276108','nm0191003'),('tt1276087','nm0217487'),('tt1872194','nm0229694'),('tt1276006','nm0238245'),('tt1276107','nm0253819'),('tt1276101','nm0262061'),('tt0816711','nm0286975'),('tt1276054','nm0323962'),('tt1276055','nm0323962'),('tt1276056','nm0323962'),('tt1276057','nm0323962'),('tt1276058','nm0323962'),('tt1276059','nm0323962'),('tt1276060','nm0323962'),('tt1276013','nm0342378'),('tt2015381','nm0348181'),('tt1276022','nm0373673'),('tt1276099','nm0388637'),('tt1276004','nm0404014'),('tt1276005','nm0404014'),('tt1276104','nm0426059'),('tt2140383','nm0440458'),('tt1276106','nm0499095'),('tt0356910','nm0510731'),('tt1276096','nm0567993'),('tt1276011','nm0579318'),('tt1276019','nm0587884'),('tt1276110','nm0614195'),('tt1276075','nm0614966'),('tt1276076','nm0614966'),('tt1276077','nm0614966'),('tt0372784','nm0634240'),('tt0482571','nm0634240'),('tt1375666','nm0634240'),('tt1276063','nm0697158'),('tt1276063','nm0736588'),('tt1276161','nm0766755'),('tt1276162','nm0766755'),('tt1276163','nm0766755'),('tt1276165','nm0766755'),('tt1276169','nm0766755'),('tt1276170','nm0766755'),('tt1276171','nm0766755'),('tt1276173','nm0766755'),('tt1276069','nm0791401'),('tt1276097','nm0834419'),('tt1587310','nm0834902'),('tt1276118','nm0842905'),('tt1276174','nm0844679'),('tt1276191','nm0848163'),('tt1276202','nm0865709'),('tt2084970','nm0878763'),('tt2245084','nm0930261'),('tt1276008','nm1073522'),('tt1276010','nm1073522'),('tt1276038','nm1118439'),('tt1790864','nm1226871'),('tt1276007','nm1319795'),('tt1276009','nm1319795'),('tt1276007','nm1320154'),('tt1276009','nm1320154'),('tt1951264','nm1349376'),('tt1951265','nm1349376'),('tt1276089','nm1428494'),('tt2294629','nm1601644'),('tt1276040','nm1636838'),('tt1276043','nm1636838'),('tt1276072','nm1645993'),('tt2170439','nm1890845'),('tt1276021','nm2067421'),('tt1276117','nm2092965'),('tt2245084','nm2320658'),('tt1276012','nm2548370'),('tt2024544','nm2588606'),('tt1276105','nm2609910'),('tt1276109','nm2640686'),('tt1276079','nm2667446'),('tt1276195','nm2827006'),('tt1276193','nm3005544'),('tt1276121','nm3101183'),('tt1276151','nm3101259'),('tt1276152','nm3101259'),('tt1276153','nm3101259'),('tt1276154','nm3101259');
/*!40000 ALTER TABLE `DIRECT` ENABLE KEYS */;
UNLOCK TABLES;

--
-- Table structure for table `GENRE`
--

DROP TABLE IF EXISTS `GENRE`;
/*!40101 SET @saved_cs_client     = @@character_set_client */;
/*!40101 SET character_set_client = utf8 */;
CREATE TABLE `GENRE` (
  `MOVIE_IMDB_ID` varchar(20) NOT NULL,
  `Genre` varchar(20) NOT NULL,
  PRIMARY KEY (`Genre`,`MOVIE_IMDB_ID`),
  KEY `MOVIE_IMDB_ID` (`MOVIE_IMDB_ID`),
  CONSTRAINT `genre_ibfk_1` FOREIGN KEY (`MOVIE_IMDB_ID`) REFERENCES `MOVIE` (`MOVIE_IMDB_ID`)
) ENGINE=InnoDB DEFAULT CHARSET=latin1;
/*!40101 SET character_set_client = @saved_cs_client */;

--
-- Dumping data for table `GENRE`
--

LOCK TABLES `GENRE` WRITE;
/*!40000 ALTER TABLE `GENRE` DISABLE KEYS */;
INSERT INTO `GENRE` VALUES ('tt0137523','Drama'),('tt0332452','Adventure'),('tt0356910','Action'),('tt0356910','Comedy'),('tt0356910','Crime'),('tt0356910','Romance'),('tt0372784','Action'),('tt0372784','Adventure'),('tt0468569','Action'),('tt0468569','Crime'),('tt0468569','Drama'),('tt0478304','Drama'),('tt0478304','Fantasy'),('tt0482571','Drama'),('tt0482571','Mystery'),('tt0482571','Thriller'),('tt0816711','Action'),('tt0816711','Adventure'),('tt0816711','Horror'),('tt0816711','Sci-Fi'),('tt0816711','Thriller'),('tt1276004','Drama'),('tt1276004','History'),('tt1276004','Romance'),('tt1276005','Drama'),('tt1276005','History'),('tt1276005','Romance'),('tt1276006','Adventure'),('tt1276006','Drama'),('tt1276007','Documentary'),('tt1276008','Documentary'),('tt1276009','Documentary'),('tt1276010','Documentary'),('tt1276011','Comedy'),('tt1276011','Drama'),('tt1276012','Documentary'),('tt1276012','News'),('tt1276013','Comedy'),('tt1276013','Crime'),('tt1276013','Drama'),('tt1276017','Drama'),('tt1276018','Drama'),('tt1276019','Comedy'),('tt1276020','Family'),('tt1276021','Comedy'),('tt1276022','Comedy'),('tt1276024','Animation'),('tt1276024','Family'),('tt1276025','Animation'),('tt1276025','Family'),('tt1276026','Animation'),('tt1276026','Family'),('tt1276027','Animation'),('tt1276027','Family'),('tt1276028','Animation'),('tt1276028','Family'),('tt1276029','Comedy'),('tt1276030','Comedy'),('tt1276031','Comedy'),('tt1276032','Comedy'),('tt1276033','Comedy'),('tt1276034','Comedy'),('tt1276035','Documentary'),('tt1276036','Game-Show'),('tt1276037','Game-Show'),('tt1276037','Sport'),('tt1276038','Documentary'),('tt1276038','Drama'),('tt1276038','History'),('tt1276038','Reality-TV'),('tt1276039','News'),('tt1276039','Talk-Show'),('tt1276040','Documentary'),('tt1276040','Reality-TV'),('tt1276041','Documentary'),('tt1276041','Reality-TV'),('tt1276042','Documentary'),('tt1276042','Reality-TV'),('tt1276043','Documentary'),('tt1276043','Reality-TV'),('tt1276045','Romance'),('tt1276048','Reality-TV'),('tt1276049','Reality-TV'),('tt1276050','Reality-TV'),('tt1276051','Reality-TV'),('tt1276052','Game-Show'),('tt1276053','Family'),('tt1276053','Fantasy'),('tt1276054','Animation'),('tt1276054','Family'),('tt1276055','Animation'),('tt1276055','Family'),('tt1276056','Animation'),('tt1276056','Family'),('tt1276057','Animation'),('tt1276057','Family'),('tt1276058','Animation'),('tt1276058','Family'),('tt1276059','Animation'),('tt1276059','Family'),('tt1276060','Animation'),('tt1276060','Family'),('tt1276061','News'),('tt1276062','Documentary'),('tt1276063','Comedy'),('tt1276063','Documentary'),('tt1276065','Reality-TV'),('tt1276066','Reality-TV'),('tt1276067','Documentary'),('tt1276067','News'),('tt1276067','Talk-Show'),('tt1276069','Adventure'),('tt1276069','Animation'),('tt1276069','Comedy'),('tt1276069','Family'),('tt1276070','Drama'),('tt1276070','Romance'),('tt1276071','Talk-Show'),('tt1276072','Documentary'),('tt1276073','Talk-Show'),('tt1276074','Sport'),('tt1276074','Talk-Show'),('tt1276075','Family'),('tt1276076','Family'),('tt1276077','Family'),('tt1276078','Reality-TV'),('tt1276079','Comedy'),('tt1276079','Documentary'),('tt1276080','Drama'),('tt1276081','Drama'),('tt1276082','Drama'),('tt1276083','Drama'),('tt1276084','Documentary'),('tt1276087','Game-Show'),('tt1276087','Music'),('tt1276089','Animation'),('tt1276089','Comedy'),('tt1276090','Talk-Show'),('tt1276092','Reality-TV'),('tt1276093','Reality-TV'),('tt1276094','News'),('tt1276094','Talk-Show'),('tt1276095','Reality-TV'),('tt1276096','Drama'),('tt1276097','Drama'),('tt1276099','Documentary'),('tt1276099','Family'),('tt1276099','Music'),('tt1276101','Mystery'),('tt1276104','Action'),('tt1276104','Crime'),('tt1276104','Sci-Fi'),('tt1276104','Thriller'),('tt1276105','Comedy'),('tt1276105','Drama'),('tt1276106','Drama'),('tt1276106','Mystery'),('tt1276106','Thriller'),('tt1276107','Adventure'),('tt1276107','Comedy'),('tt1276108','Drama'),('tt1276108','Romance'),('tt1276109','Drama'),('tt1276109','Short'),('tt1276110','Adventure'),('tt1276110','Comedy'),('tt1276110','Drama'),('tt1276117','Documentary'),('tt1276117','Music'),('tt1276118','Documentary'),('tt1276121','Documentary'),('tt1276122','Game-Show'),('tt1276123','Game-Show'),('tt1276124','Game-Show'),('tt1276125','Game-Show'),('tt1276126','Game-Show'),('tt1276127','Game-Show'),('tt1276128','Game-Show'),('tt1276129','Game-Show'),('tt1276130','Game-Show'),('tt1276131','Game-Show'),('tt1276132','Game-Show'),('tt1276133','Game-Show'),('tt1276134','Game-Show'),('tt1276135','Game-Show'),('tt1276136','Game-Show'),('tt1276137','Game-Show'),('tt1276138','Game-Show'),('tt1276139','Game-Show'),('tt1276140','Game-Show'),('tt1276141','Game-Show'),('tt1276142','Game-Show'),('tt1276143','Game-Show'),('tt1276144','Game-Show'),('tt1276145','Game-Show'),('tt1276146','Game-Show'),('tt1276147','Game-Show'),('tt1276148','Game-Show'),('tt1276149','Game-Show'),('tt1276150','Game-Show'),('tt1276155','News'),('tt1276155','Talk-Show'),('tt1276156','News'),('tt1276156','Talk-Show'),('tt1276157','News'),('tt1276157','Talk-Show'),('tt1276158','News'),('tt1276158','Talk-Show'),('tt1276159','News'),('tt1276159','Talk-Show'),('tt1276160','Music'),('tt1276161','Drama'),('tt1276162','Drama'),('tt1276163','Drama'),('tt1276164','Drama'),('tt1276165','Drama'),('tt1276166','Drama'),('tt1276167','Drama'),('tt1276168','Drama'),('tt1276169','Drama'),('tt1276170','Drama'),('tt1276171','Drama'),('tt1276172','Drama'),('tt1276173','Drama'),('tt1276174','Comedy'),('tt1276174','Drama'),('tt1276174','Romance'),('tt1276175','Adventure'),('tt1276175','Drama'),('tt1276175','Romance'),('tt1276176','Adventure'),('tt1276176','Drama'),('tt1276176','Romance'),('tt1276177','Adventure'),('tt1276177','Drama'),('tt1276177','Romance'),('tt1276178','Adventure'),('tt1276178','Drama'),('tt1276178','Romance'),('tt1276179','Adventure'),('tt1276179','Drama'),('tt1276179','Romance'),('tt1276180','Adventure'),('tt1276180','Drama'),('tt1276180','Romance'),('tt1276181','Adventure'),('tt1276181','Drama'),('tt1276181','Romance'),('tt1276182','Adventure'),('tt1276182','Drama'),('tt1276182','Romance'),('tt1276183','Adventure'),('tt1276183','Drama'),('tt1276183','Romance'),('tt1276184','Adventure'),('tt1276184','Drama'),('tt1276184','Romance'),('tt1276185','Adventure'),('tt1276185','Drama'),('tt1276185','Romance'),('tt1276186','Adventure'),('tt1276186','Drama'),('tt1276186','Romance'),('tt1276187','Adventure'),('tt1276187','Drama'),('tt1276187','Romance'),('tt1276188','Documentary'),('tt1276188','History'),('tt1276188','Mystery'),('tt1276189','Documentary'),('tt1276189','History'),('tt1276189','Mystery'),('tt1276190','Documentary'),('tt1276190','History'),('tt1276190','Mystery'),('tt1276191','Documentary'),('tt1276191','History'),('tt1276191','Mystery'),('tt1276192','Documentary'),('tt1276192','History'),('tt1276192','Mystery'),('tt1276193','Comedy'),('tt1276194','Game-Show'),('tt1276194','Music'),('tt1276194','Reality-TV'),('tt1276195','Sport'),('tt1276196','Comedy'),('tt1276196','Drama'),('tt1276197','Comedy'),('tt1276197','Drama'),('tt1276198','Biography'),('tt1276198','Documentary'),('tt1276198','History'),('tt1276198','Romance'),('tt1276199','Game-Show'),('tt1276200','Family'),('tt1276201','Crime'),('tt1276201','Drama'),('tt1276201','History'),('tt1276202','Comedy'),('tt1276203','News'),('tt1345836','Action'),('tt1375666','Action'),('tt1375666','Mystery'),('tt1375666','Sci-Fi'),('tt1375666','Thriller'),('tt1587310','Action'),('tt1587310','Adventure'),('tt1587310','Family'),('tt1587310','Fantasy'),('tt1587310','Romance'),('tt1628040','Action'),('tt1628040','Sci-Fi'),('tt1628040','Thriller'),('tt1790864','Action'),('tt1790864','Mystery'),('tt1790864','Sci-Fi'),('tt1790864','Thriller'),('tt1872194','Drama'),('tt1877832','Action'),('tt1877832','Adventure'),('tt1877832','Sci-Fi'),('tt1877832','Thriller'),('tt1951264','Adventure'),('tt1951264','Sci-Fi'),('tt1951265','Adventure'),('tt1951265','Sci-Fi'),('tt1959490','Action'),('tt1959490','Adventure'),('tt1959490','Drama'),('tt2015381','Action'),('tt2015381','Adventure'),('tt2015381','Sci-Fi'),('tt2024544','Biography'),('tt2024544','Drama'),('tt2024544','History'),('tt2084970','Biography'),('tt2084970','Drama'),('tt2084970','Thriller'),('tt2084970','War'),('tt2140383','Comedy'),('tt2170439','Comedy'),('tt2190984','Action'),('tt2190984','Adventure'),('tt2190984','Drama'),('tt2193215','Crime'),('tt2193215','Drama'),('tt2193215','Thriller'),('tt2209764','Drama'),('tt2209764','Mystery'),('tt2209764','Sci-Fi'),('tt2209764','Thriller'),('tt2245084','Action'),('tt2245084','Adventure'),('tt2245084','Animation'),('tt2245084','Comedy'),('tt2245084','Family'),('tt2245084','Sci-Fi'),('tt2294629','Adventure'),('tt2294629','Animation'),('tt2294629','Comedy'),('tt2294629','Family'),('tt2294629','Fantasy'),('tt2294629','Musical'),('tt2372162','Comedy'),('tt2372162','Crime'),('tt2372162','Drama'),('tt2713180','Action'),('tt2713180','Drama'),('tt2713180','War'),('tt2872732','Action'),('tt2872732','Sci-Fi'),('tt2872732','Thriller'),('tt3024352','Documentary');
/*!40000 ALTER TABLE `GENRE` ENABLE KEYS */;
UNLOCK TABLES;

--
-- Table structure for table `MOVIE`
--

DROP TABLE IF EXISTS `MOVIE`;
/*!40101 SET @saved_cs_client     = @@character_set_client */;
/*!40101 SET character_set_client = utf8 */;
CREATE TABLE `MOVIE` (
  `MOVIE_IMDB_ID` varchar(20) NOT NULL,
  `TITLE` varchar(30) NOT NULL,
  `YEAR` int(11) NOT NULL,
  `RUNTIME` varchar(20) DEFAULT NULL,
  `DIRECTOR` varchar(30) DEFAULT NULL,
  `ACTORS` varchar(100) DEFAULT NULL,
  `PLOT` varchar(500) DEFAULT NULL,
  `POSTER` varchar(100) DEFAULT NULL,
  `IMDB_RATING` float DEFAULT NULL,
  `TOMATOMETER` float DEFAULT NULL,
  `TOMATORATING` float DEFAULT NULL,
  `TOMATOFRESH` float DEFAULT NULL,
  `TOMATOROTTEN` float DEFAULT NULL,
  `TOMATOUSERMETER` float DEFAULT NULL,
  `TOMATOUSERRATING` float DEFAULT NULL,
  PRIMARY KEY (`MOVIE_IMDB_ID`)
) ENGINE=InnoDB DEFAULT CHARSET=latin1;
/*!40101 SET character_set_client = @saved_cs_client */;

--
-- Dumping data for table `MOVIE`
--

LOCK TABLES `MOVIE` WRITE;
/*!40000 ALTER TABLE `MOVIE` DISABLE KEYS */;
INSERT INTO `MOVIE` VALUES ('tt0085975','Murder Me, Murder You',1983,'100 min','Gary Nelson','Stacy Keach, Tanya Roberts, Don Stroud, Delta Burke','Mickey Spillane\'s private eye Mike Hammer (Stacy Keach) probes his long-lost love\'s death while seeking their daughter.','http://ia.media-imdb.com/images/M/MV5BMzU4NTI2MjAzMl5BMl5BanBnXkFtZTcwMDkxNzIzMQ@@._V1_SX300.jpg',7.2,0,0,0,0,0,0),('tt0137523','Fight Club',1999,'139 min','David Fincher','Edward Norton, Brad Pitt, Helena Bonham Carter, Meat Loaf','An insomniac office worker looking for a way to change his life crosses paths with a devil-may-care soap maker and they form an underground fight club that evolves into something much, much more...','http://ia.media-imdb.com/images/M/MV5BMjIwNTYzMzE1M15BMl5BanBnXkFtZTcwOTE5Mzg3OA@@._V1_SX300.jpg',8.9,80,7.4,128,32,96,4.2),('tt0332452','Troy',2004,'163 min','Wolfgang Petersen','Julian Glover, Brian Cox, Nathan Jones, Adoni Maropis','An adaptation of Homer\'s great epic, the film follows the assault on Troy by the united Greek forces and chronicles the fates of the men involved.','http://ia.media-imdb.com/images/M/MV5BMTk5MzU1MDMwMF5BMl5BanBnXkFtZTcwNjczODMzMw@@._V1_SX300.jpg',7.2,54,6,120,102,74,3.5),('tt0356910','Mr. & Mrs. Smith',2005,'120 min','Doug Liman','Brad Pitt, Angelina Jolie, Vince Vaughn, Adam Brody','A bored married couple is surprised to learn that they are both assassins hired by competing agencies to kill each other.','http://ia.media-imdb.com/images/M/MV5BMTUxMzcxNzQzOF5BMl5BanBnXkFtZTcwMzQxNjUyMw@@._V1_SX300.jpg',6.5,59,6,122,85,58,3.4),('tt0372784','Batman Begins',2005,'140 min','Christopher Nolan','Christian Bale, Michael Caine, Liam Neeson, Katie Holmes','After training with his mentor, Batman begins his war on crime to free the crime-ridden Gotham City from corruption that the Scarecrow and the League of Shadows have cast upon it.','http://ia.media-imdb.com/images/M/MV5BNTM3OTc0MzM2OV5BMl5BanBnXkFtZTYwNzUwMTI3._V1_SX300.jpg',8.3,85,7.7,225,41,94,3.9),('tt0468569','The Dark Knight',2008,'152 min','Christopher Nolan','Christian Bale, Heath Ledger, Aaron Eckhart, Michael Caine','When the menace known as the Joker wreaks havoc and chaos on the people of Gotham, the caped crusader must come to terms with one of the greatest psychological tests of his ability to fight injustice.','http://ia.media-imdb.com/images/M/MV5BMTMxNTMwODM0NF5BMl5BanBnXkFtZTcwODAyMTk2Mw@@._V1_SX300.jpg',9,94,8.6,296,20,94,4.4),('tt0478304','The Tree of Life',2011,'139 min','Terrence Malick','Brad Pitt, Sean Penn, Jessica Chastain, Hunter McCracken','The story of a family in Waco, Texas in 1956. The eldest son witnesses the loss of innocence and struggles with his parents\' conflicting teachings.','http://ia.media-imdb.com/images/M/MV5BNTgyNTQzMDEwNV5BMl5BanBnXkFtZTcwMTQxNjI4NA@@._V1_SX300.jpg',6.7,84,8.1,212,41,60,3.3),('tt0482571','The Prestige',2006,'N/A','Christopher Nolan','Hugh Jackman, Christian Bale, Michael Caine, Piper Perabo','Two stage magicians engage in competitive one-upmanship in an attempt to create the ultimate stage illusion.','http://ia.media-imdb.com/images/M/MV5BMjA4NDI0MTIxNF5BMl5BanBnXkFtZTYwNTM0MzY2._V1_SX300.jpg',8.5,76,7.1,142,46,92,4),('tt0649066','The Day That Shark Ate Lobo',1979,'60 min','Dick Harwood','Claude Akins, Brian Kerwin, Mills Watson, Leann Hunley','Lobo schemes to make money off the giant bass in the Orly County lagoon by holding a $200 entry fee fishing contest. Meanwhile, an escaped convict and his moll looking to fetch their ...','N/A',6.5,0,0,0,0,0,0),('tt0699533','String Theory',2005,'60 min','Philip G. Atwell','Michael Chiklis, Glenn Close, Catherine Dent, Walton Goggins','As Shane enlists Vic and his men in the search for the body of a teenaged informant, the disappearance of two cops on patrol begins to look like payback for Monica\'s tough new policies.','http://ia.media-imdb.com/images/M/MV5BMTk0NTcyMzIzM15BMl5BanBnXkFtZTcwNDI3MjczMQ@@._V1_SX300.jpg',5.1,0,0,0,0,0,0),('tt0699535','Tar Baby',2005,'60 min','Guy Ferland','Michael Chiklis, Glenn Close, Catherine Dent, Walton Goggins','As Monica is forced to defend her crime-fighting tactics, Vic\'s pursuit of a killer creates problems for Antwon, while Dutch\'s secret deal with the D.A.\'s office gets him and Claudette assigned to a murder investigation.','http://ia.media-imdb.com/images/M/MV5BMTk0NTcyMzIzM15BMl5BanBnXkFtZTcwNDI3MjczMQ@@._V1_SX300.jpg',5.3,0,0,0,0,0,0),('tt0816711','World War Z',2013,'116 min','Marc Forster','Brad Pitt, Mireille Enos, Daniella Kertesz, James Badge Dale','United Nations employee Gerry Lane traverses the world in a race against time to stop the Zombie pandemic that is toppling armies and governments, and threatening to destroy humanity itself.','http://ia.media-imdb.com/images/M/MV5BMTg0NTgxMjIxOF5BMl5BanBnXkFtZTcwMDM0MDY1OQ@@._V1_SX300.jpg',7,68,6.2,169,81,72,3.7),('tt1155594','Parallel Worlds: A User\'s Guid',2007,'60 min','Carole Lochhead','Richard Ayoade, David Bradley, Lincoln Geraghty, Roz Kaveney','N/A','N/A',0,0,0,0,0,0,0),('tt1275038','Martín fuerza a Paula para or',2008,'N/A','Luis Santamaría','Marina Gatell, Olalla Escribano, Xavier Serrat, Daniela Costa','N/A','N/A',0,0,0,0,0,0,0),('tt1276004','The Abdication',1978,'1 h','Waris Hussein','Edward Fox, Cynthia Harris, Peggy Ashcroft, Nigel Hawthorne','With all avenues now exhausted, King Edward VIII accepts his situation and proceeds with the abdication...','http://ia.media-imdb.com/images/M/MV5BMTM5MTYyNDQyMV5BMl5BanBnXkFtZTcwMDk2MTgyMQ@@._V1_SX640.jpg',0,0,0,0,0,0,0),('tt1276005','The Decision',1978,'1 h','Waris Hussein','Edward Fox, Cynthia Harris, Peggy Ashcroft, Nigel Hawthorne','With Wallis Simpson\'s interim divorce decree issued, the King makes his intentions known. He advises...','http://ia.media-imdb.com/images/M/MV5BMTM5MTYyNDQyMV5BMl5BanBnXkFtZTcwMDk2MTgyMQ@@._V1_SX640.jpg',0,0,0,0,0,0,0),('tt1276006','His Lordship',1968,'55 min','Patrick Dromgoole','Gary Bond, Paul Eddington, James Maxwell, Patrick O\'Connell','N/A','N/A',0,0,0,0,0,0,0),('tt1276007','Key West',2003,'N/A','Robert Paschall Jr., Kenneth M','Lindsay Clubine, Misty Rice','N/A','N/A',0,0,0,0,0,0,0),('tt1276008','Miami Extreme',2004,'N/A','Dak Rasheta','Jessica Jordan Burton, Lindsay Clubine, Lisa Hawkins, Misty Rice','N/A','N/A',0,0,0,0,0,0,0),('tt1276009','Phoenix',2003,'N/A','Robert Paschall Jr., Kenneth M','Lindsay Clubine, Kelley Johnson, Misty Rice','N/A','N/A',0,0,0,0,0,0,0),('tt1276010','Xel-Ha, Mexico',2005,'N/A','Dak Rasheta','Katie Cleary, Lindsay Clubine, Anya Monzikova','N/A','N/A',0,0,0,0,0,0,0),('tt1276011','Let\'s Make a Deal',2008,'60 min','Linda Mendoza','Clark Duke, Tiffany Dupont, Scott Michael Foster, Spencer Grammer','To raise money to alleviate Ashleigh\'s huge credit card debt, she and Casey decide to participate in Omega Chi\'s casino themed party.','http://ia.media-imdb.com/images/M/MV5BMTY2NTcxNzAyMV5BMl5BanBnXkFtZTcwMDA4OTk4MQ@@._V1_SY264_CR43,0,',8.2,0,0,0,0,0,0),('tt1276012','Weighing in on Diabetes',2008,'26 min','Bob Buruchian','N/A','It\'s no surprise that we have an obesity epidemic in America. Temptation to over-eat bombards us everywhere. This, combined with our sedentary lifestyles, has helped us pack on the pounds. ...','http://ia.media-imdb.com/images/M/MV5BMTYyNTM0NjEyMF5BMl5BanBnXkFtZTgwMzUzMDQ0MjE@._V1_SX300.jpg',0,0,0,0,0,0,0),('tt1276013','The Big Chill',2008,'50 min','Jonas Grimås','Darren Bancroft, Clare Wille, Joe McFadden, Steven Blakeley','DS Dawson tries to catch a drug smuggling gang with the help of PC Mason, but also has to fight the new DI, who does not like women in CID and blames her for every setback. To crack the ...','http://ia.media-imdb.com/images/M/MV5BMTcxNjk1ODU5Nl5BMl5BanBnXkFtZTcwNzA3NzI5Mw@@._V1_SX300.jpg',0,0,0,0,0,0,0),('tt1276014','Stratford-Upon-Avon',1990,'30 min','N/A','Harry Secombe, Paul Eddington','N/A','N/A',0,0,0,0,0,0,0),('tt1276015','The Inman-Smith Family',2008,'N/A','N/A','N/A','N/A','N/A',0,0,0,0,0,0,0),('tt1276016','The Reich Family',2008,'N/A','N/A','N/A','N/A','N/A',0,0,0,0,0,0,0),('tt1276017','The Twelve-Pound Look',1973,'N/A','Mike Newell','Judy Cornwell, Michael Denison, Jeffrey Segal, Gwen Watford','N/A','N/A',0,0,0,0,0,0,0),('tt1276018','Sunday Mystery Theatre: Dig He',1964,'N/A','N/A','Michael Craig, Fred Ferris, Michael Harding, Olaf Pooley','A couple awake in the middle of the night to find themselves locked in their bedroom while an undertaker is also in their back garden.','N/A',0,0,0,0,0,0,0),('tt1276019','Three Bitches is an Imaginary ',2008,'N/A','Andrew Miller','Eden Riegel, Brooke Nevin, Elizabeth Hendrickson, Connie Fletcher','Eden\'s new imaginary friend is looking a far more intense relationship than she could have ever dreamed.','http://ia.media-imdb.com/images/M/MV5BOTMwNzA0OTA0MF5BMl5BanBnXkFtZTcwNzAyMjk5MQ@@._V1_SX300.jpg',0,0,0,0,0,0,0),('tt1276020','Voices from Beyond',2007,'30 min','Mike Lee Beesley','N/A','N/A','N/A',0,0,0,0,0,0,0),('tt1276021','Brownie Points',2008,'30 min','Gerard Johnstone','Jaquie Brown, Madeleine Sami, Hannah Banks, Ryan Lampp','Jaquie Brown is a young journalist who has found her niche as the light relief on prime time current affairs show \' McHuntly at 7\'. However when the producers hire a new Fijian reporter who...','http://ia.media-imdb.com/images/M/MV5BMTIzNzc0MzgwNF5BMl5BanBnXkFtZTcwMjQzNTU4MQ@@._V1_SX300.jpg',0,0,0,0,0,0,0),('tt1276022','Episode #1.3',2008,'N/A','Elliot Hegarty','Kevin Bishop, Hollie-Jay Bowes, Karen Gillan, Sam Hazeldine','N/A','http://ia.media-imdb.com/images/M/MV5BMjA5ODg1MzEwMl5BMl5BanBnXkFtZTcwMjQ5MjE5Mw@@._V1_SX300.jpg',0,0,0,0,0,0,0),('tt1276024','The Story of the Cave Man',1971,'10 min','Brian Cosgrove','Eric Thompson','N/A','N/A',0,0,0,0,0,0,0),('tt1276025','The Story of the Chimney Sweep',1971,'10 min','Brian Cosgrove','Eric Thompson','N/A','N/A',0,0,0,0,0,0,0),('tt1276026','The Story of the Pirates',1971,'10 min','Brian Cosgrove','Eric Thompson','N/A','N/A',0,0,0,0,0,0,0),('tt1276027','The Story of the Princess in t',1971,'10 min','Brian Cosgrove','Eric Thompson','N/A','N/A',0,0,0,0,0,0,0),('tt1276028','The Story of the Witch',1972,'10 min','Brian Cosgrove','Eric Thompson','N/A','N/A',0,0,0,0,0,0,0),('tt1276029','Karate Kate',1971,'30 min','N/A','Angela Cartwright, Michael Hughes, Marjorie Lord, Danny Thomas','N/A','http://ia.media-imdb.com/images/M/MV5BMTQ4OTI3MTQ0NV5BMl5BanBnXkFtZTcwODU5MDIwNw@@._V1_SX300.jpg',0,0,0,0,0,0,0),('tt1276030','Monument for Uncle Tonoose',1971,'30 min','N/A','Angela Cartwright, Hans Conried, Roosevelt Grier, Rusty Hamer','N/A','http://ia.media-imdb.com/images/M/MV5BMTQ4OTI3MTQ0NV5BMl5BanBnXkFtZTcwODU5MDIwNw@@._V1_SX300.jpg',0,0,0,0,0,0,0),('tt1276031','Over Thirty is Out',1971,'N/A','N/A','Jack Bender, Angela Cartwright, Michael Hughes, Marjorie Lord','N/A','http://ia.media-imdb.com/images/M/MV5BMTQ4OTI3MTQ0NV5BMl5BanBnXkFtZTcwODU5MDIwNw@@._V1_SX300.jpg',0,0,0,0,0,0,0),('tt1276032','The Arm Wrestle',1971,'30 min','N/A','Angela Cartwright, Michael Hughes, John Levin, Marjorie Lord','N/A','http://ia.media-imdb.com/images/M/MV5BMTQ4OTI3MTQ0NV5BMl5BanBnXkFtZTcwODU5MDIwNw@@._V1_SX300.jpg',0,0,0,0,0,0,0),('tt1276033','The Big Hang-Up',1971,'30 min','N/A','Angela Cartwright, Rusty Hamer, Michael Hughes, Marjorie Lord','N/A','http://ia.media-imdb.com/images/M/MV5BMTQ4OTI3MTQ0NV5BMl5BanBnXkFtZTcwODU5MDIwNw@@._V1_SX300.jpg',0,0,0,0,0,0,0),('tt1276034','The Greatest Ear in the Busine',1971,'30 min','N/A','Angela Cartwright, Stanley Bennett Clay, Michael Hughes, Michael Lembeck','N/A','http://ia.media-imdb.com/images/M/MV5BMTQ4OTI3MTQ0NV5BMl5BanBnXkFtZTcwODU5MDIwNw@@._V1_SX300.jpg',0,0,0,0,0,0,0),('tt1276035','Jamaican Coast Guard',2008,'30 min','N/A','Ashley Hames','Ashley joins the officer training program of the Jamaican Coast guard, a branch of a Caribbean, Commonwealth tradition defense force which still practices old-fashioned-strict military ...','N/A',0,0,0,0,0,0,0),('tt1276036','1980 Final',1980,'30 min','N/A','Magnus Magnusson, Fred Housego, John Keogh, Samuel Mortimer','N/A','N/A',0,0,0,0,0,0,0),('tt1276037','Episode #1.65',1994,'30 min','N/A','Joe Fowler, Brian Vermeire, Mercedes Colon','N/A','N/A',0,0,0,0,0,0,0),('tt1276038','Sight Unseen',2009,'60 min','James Hyslop','Stephen Bogaert, Ash Knight, Saad Siddiqui, Elie Gemael','One of the most horrifying mid-air collisions in history happened over India in 1996. Finding the chain of mishaps and unfortunate events is not easy for the investigators.','http://ia.media-imdb.com/images/M/MV5BMTgxNzY0OTYzOF5BMl5BanBnXkFtZTcwNzQzNzAzMg@@._V1_SX300.jpg',7.1,0,0,0,0,0,0),('tt1276039','Episode dated 10 August 2008',2008,'30 min','N/A','Michelle Bernard, Pat Buchanan, Eleanor Clift, Monica Crowley','N/A','N/A',0,0,0,0,0,0,0),('tt1276040','And Baby Makes Three',2008,'60 min','Marvin Blunte','Darren Brass, Baby Dre, Chris Garver, Yojiro Harada','Ami jumps into producing a mixed martial arts fight night, and quickly finds himself in over his head. Nunez helps a cancer survivor gain some balance.Darren and Talea make some last minute...','http://ia.media-imdb.com/images/M/MV5BMjMzMTk5MTAzOV5BMl5BanBnXkFtZTgwNDE0OTI0MjE@._V1_SX300.jpg',0,0,0,0,0,0,0),('tt1276041','Garver Gets Commissioned',2008,'60 min','N/A','N/A','Garver agrees to paint a piece of art to hang in a model home. Yoji gives Jasmine and Ali matching tattoos to show how much they are in love with each other. Meanwhile, Nunez tattoos a real-life mermaid.','http://ia.media-imdb.com/images/M/MV5BMjA5NTAwOTY2Ml5BMl5BanBnXkFtZTgwNTE0OTI0MjE@._V1_SX300.jpg',0,0,0,0,0,0,0),('tt1276042','New Orleans Special',2008,'60 min','N/A','N/A','The crew hits Post-Katrina New Orleans to spend some tourist dollars in the cash-strapped city, and do a guest artist stint at their friend\'s tattoo shop, Eye Candy. While in town they chow...','http://ia.media-imdb.com/images/M/MV5BMTg4NjQxMjI1Ml5BMl5BanBnXkFtZTgwNjE0OTI0MjE@._V1_SX300.jpg',0,0,0,0,0,0,0),('tt1276043','Ruthless & Toothless',2008,'60 min','Marvin Blunte','Darren Brass, Baby Dre, Yojiro Harada, Tim Hendricks','Yoji and Darren set out to create a unique baby clothing line that flaunts tattoo-based designs, but creative differences threaten to keep the project from getting off the ground.Ami helps ...','http://ia.media-imdb.com/images/M/MV5BODEzODYwMTE4OV5BMl5BanBnXkFtZTgwNzE0OTI0MjE@._V1_SX300.jpg',0,0,0,0,0,0,0),('tt1276045','Episode #1.1',2004,'N/A','N/A','Asami Abe, Reila Aphrodite','N/A','N/A',0,0,0,0,0,0,0),('tt1276048','Acura TL',2008,'30 min','N/A','N/A','N/A','http://ia.media-imdb.com/images/M/MV5BMjY0MjkxNzIwM15BMl5BanBnXkFtZTgwNTMzNDIzMjE@._V1_SX300.jpg',0,0,0,0,0,0,0),('tt1276049','Honda Fit',2008,'30 min','N/A','N/A','N/A','N/A',0,0,0,0,0,0,0),('tt1276050','Hyundai Genesis',2008,'N/A','N/A','N/A','N/A','N/A',0,0,0,0,0,0,0),('tt1276051','Three Wheelers',2008,'30 min','N/A','N/A','N/A','http://ia.media-imdb.com/images/M/MV5BMjY0MjkxNzIwM15BMl5BanBnXkFtZTgwNTMzNDIzMjE@._V1_SX300.jpg',0,0,0,0,0,0,0),('tt1276052','My Family\'s Got GUTS',2008,'N/A','N/A','Asha Kuerten, Ben Lyons, Alec Rosa, Roberto Rosaly','N/A','N/A',7.9,0,0,0,0,0,0),('tt1276053','Eddie',2004,'N/A','Pino Amenta','Jack Blumenau, Hannah Greenwood, Maria Papas, Cameron Nugent','N/A','N/A',0,0,0,0,0,0,0),('tt1276054','During Something and Nothing',1976,'N/A','Bob Godfrey','Richard Briers, Peter Hawkins','N/A','N/A',0,0,0,0,0,0,0),('tt1276055','During Tea',1976,'5 min','Bob Godfrey','Richard Briers, Peter Hawkins','N/A','N/A',0,0,0,0,0,0,0),('tt1276056','During a Long Time Ago',1976,'N/A','Bob Godfrey','Richard Briers, Peter Hawkins','N/A','N/A',0,0,0,0,0,0,0),('tt1276057','During a Savings Week',1976,'N/A','Bob Godfrey','Richard Briers, Peter Hawkins','N/A','N/A',0,0,0,0,0,0,0),('tt1276058','During a Smashing Time',1976,'N/A','Bob Godfrey','Richard Briers, Peter Hawkins','N/A','N/A',0,0,0,0,0,0,0),('tt1276059','During a Stay at the Reservoir',1976,'N/A','Bob Godfrey','Richard Briers, Peter Hawkins','N/A','N/A',0,0,0,0,0,0,0),('tt1276060','During the Time We Were There',1976,'5 min','Bob Godfrey','Richard Briers, Peter Hawkins','N/A','N/A',0,0,0,0,0,0,0),('tt1276061','Episode dated 11 August 2008',2008,'N/A','N/A','Kristin Kaspersen, Anders Kraft, Bengt Magnusson, Fredrik Reinfeldt','N/A','N/A',0,0,0,0,0,0,0),('tt1276062','Episode dated 5 June 2000',2000,'75 min','N/A','Oliver Postgate, Ben Elton','N/A','N/A',0,0,0,0,0,0,0),('tt1276063','Stranger Danger',2008,'30 min','Star Price, Tim Rogan, Ted Saa','Penn Jillette, Teller, Ann Marie Frohoff, John Paul Lubran','Penn and Teller argue that parents are now too protective of their kids.','http://ia.media-imdb.com/images/M/MV5BMTQxMDg0NTkzOV5BMl5BanBnXkFtZTcwNDUxNDcyMQ@@._V1_SX300.jpg',8.1,0,0,0,0,0,0),('tt1276065','Episode #1.62',2008,'N/A','N/A','N/A','N/A','N/A',0,0,0,0,0,0,0),('tt1276066','Episode #1.63',2008,'N/A','N/A','N/A','N/A','N/A',0,0,0,0,0,0,0),('tt1276067','Episode dated 13 July 2008',2008,'60 min','N/A','Susanna Reid, Hilary Benn, Antony Worrall Thompson','N/A','N/A',0,0,0,0,0,0,0),('tt1276069','Duckleration of Independence',1996,'30 min','Toby Shelton','Charles Adler, Pamela Adlon, Tony Anselmo, Elizabeth Daily','N/A','http://ia.media-imdb.com/images/M/MV5BMTM4MDI3OTI2OF5BMl5BanBnXkFtZTcwOTAxODIzMQ@@._V1_SX300.jpg',6,0,0,0,0,0,0),('tt1276070','Episode #1.19',2008,'60 min','N/A','Ana Layevska, Gabriel Soto, Jorge Aravena, Sharis Cid','N/A','http://ia.media-imdb.com/images/M/MV5BMTY3MzkwNzcwM15BMl5BanBnXkFtZTcwMjc5NDc5Mw@@._V1_SX300.jpg',0,0,0,0,0,0,0),('tt1276071','Episode dated 24 July 2007',2007,'N/A','Gene Bernard','Rachael Ray, Phil McGraw, Robin McGraw, Gretta Monahan','N/A','N/A',0,0,0,0,0,0,0),('tt1276072','The Ghosts of the Mary Rose',2008,'N/A','Martin Gorst','Hugh Montgomery, Lynne Bell, Christopher Dobbs, Rose Drew','The Mary Rose was almost unique in that human remains were found scattered though out the ship. A group scientists work to try and identify these remains and understand their roll on board ship.','N/A',6.6,0,0,0,0,0,0),('tt1276073','Episode dated 25 June 2007',2007,'48 min','N/A','Richard Madeley, Judy Finnigan, Ray Bowyer','N/A','N/A',0,0,0,0,0,0,0),('tt1276074','Episode dated 7 August 2008',2008,'N/A','N/A','Jim Rome, James \'Bus\' Cook, Mike Tannenbaum, Bill Polian','N/A','N/A',0,0,0,0,0,0,0),('tt1276075','Clocks and Blocks',1956,'20 min','Gordon Murray','Joan Garrick, Molly Gibson, Peter Hawkins, Violet Lamb','N/A','N/A',0,0,0,0,0,0,0),('tt1276076','The Dragon\'s Hiccups',1956,'20 min','Gordon Murray','Joan Garrick, Molly Gibson, Peter Hawkins, Violet Lamb','N/A','N/A',0,0,0,0,0,0,0),('tt1276077','The Queen\'s Dragon',1955,'20 min','Gordon Murray','Joan Garrick, Molly Gibson, Peter Hawkins, Violet Lamb','N/A','N/A',0,0,0,0,0,0,0),('tt1276078','Sandhogs',2008,'N/A','N/A','N/A','N/A','N/A',6.2,0,0,0,0,0,0),('tt1276079','Review of the Year 2007',2007,'N/A','Al Campbell','Charlie Brooker, Grace Dent, Matt Berry, Aisleyne Horgan-Wallace','N/A','N/A',0,0,0,0,0,0,0),('tt1276080','A Quartet at Sheila\'s',1968,'60 min','N/A','Peter Barkworth, Jennifer Jayne, Anton Rodgers, Jane Wenham','N/A','N/A',0,0,0,0,0,0,0),('tt1276081','Cold Game Pie',1968,'60 min','N/A','George Cole, Felicity Gibson','N/A','N/A',0,0,0,0,0,0,0),('tt1276082','Darby Hates Joan',1968,'60 min','N/A','Jane Baxter, Jan Holden, David Langton','N/A','N/A',0,0,0,0,0,0,0),('tt1276083','Return Match',1968,'60 min','N/A','Terence Alexander, Ian Bannen, Andree Melly','N/A','N/A',0,0,0,0,0,0,0),('tt1276084','Amber Doll/Margaret Cho',2008,'30 min','N/A','Amber Hawk Swanson, Margaret Cho, Chantal Quesnelle','N/A','N/A',0,0,0,0,0,0,0),('tt1276087','The Celebrity Singing Bee: 80\'',2008,'30 min','Adrian Dellevergin','Tim Campbell, Michala Banas, Daryl Braithwaite, Bianca Dye','N/A','N/A',0,0,0,0,0,0,0),('tt1276089','Mugged at the Gas Station',2008,'N/A','Josh Faure-Brac','Josh Faure-Brac, Danielle Schnieder, Jonah Ray','N/A','N/A',0,0,0,0,0,0,0),('tt1276090','Episode dated 31 July 2008',2008,'120 min','N/A','Ian Lavender, Bill Pertwee, Frank Williams','N/A','N/A',0,0,0,0,0,0,0),('tt1276092','Episode #1.2',2008,'N/A','N/A','Calum Best, Tanjareen Thomas','N/A','N/A',0,0,0,0,0,0,0),('tt1276093','Episode #1.3',2008,'N/A','N/A','Calum Best','N/A','N/A',0,0,0,0,0,0,0),('tt1276094','Episode dated 8 August 2008',2008,'30 min','N/A','Charles Babington, David Broder, Gwen Ifill, Pierre Thomas','N/A','http://ia.media-imdb.com/images/M/MV5BMTQ2MDMxNDQxOF5BMl5BanBnXkFtZTgwODA0ODQ2MjE@._V1_SX300.jpg',0,0,0,0,0,0,0),('tt1276095','Floating Deck',2008,'30 min','N/A','Ahmed Hassan, Cynthia Roberts, Roger Craig Smith','N/A','N/A',0,0,0,0,0,0,0),('tt1276096','Episode #1.8955',2008,'60 min','Sally McDonald','Peter Bergman, Vail Bloom, Eric Braeden, Bryton James','Jack asks for Nikki\'s help on an article about David Chow. Neil confronts Cane about Chloe\'s baby. Nicholas wants to call the FBI to find Victor.','http://ia.media-imdb.com/images/M/MV5BMjE3MjE3MDMxN15BMl5BanBnXkFtZTcwOTQ3MzYzMQ@@._V1_SX300.jpg',0,0,0,0,0,0,0),('tt1276097','Episode #1.8976',2008,'60 min','Susan C. Strickler','Peter Bergman, Vail Bloom, Eric Braeden, Sharon Case','N/A','http://ia.media-imdb.com/images/M/MV5BMTYyNzAyNzMyNV5BMl5BanBnXkFtZTgwNzYxNzA2MjE@._V1_SX300.jpg',0,0,0,0,0,0,0),('tt1276099','Episode dated 13 July 2008',2008,'N/A','Frank Hof','Ernst-Marcus Thomas, Adele, Ben Bledsoe, Jesse D\'Lane','N/A','N/A',0,0,0,0,0,0,0),('tt1276101','He\'s Dead',2008,'88 min','Ray Etheridge','Patrick Campion, Bill Carter, J. Mark Emerson, Johny Fontaine','A millionaire fakes his death to aid police in capturing a thief.','http://ia.media-imdb.com/images/M/MV5BMTMyOTI0MzQ1NV5BMl5BanBnXkFtZTcwMTAxMzQwMg@@._V1_SX300.jpg',0,0,0,0,0,0,0),('tt1276102','Hercules: The Beginning',2013,'N/A','N/A','Alexander Nevsky','N/A','N/A',0,0,0,0,0,0,0),('tt1276104','Looper',2012,'119 min','Rian Johnson','Joseph Gordon-Levitt, Bruce Willis, Emily Blunt, Paul Dano','In 2074, when the mob wants to get rid of someone, the target is sent into the past, where a hired gun awaits - someone like Joe - who one day learns the mob wants to \'close the loop\' by sending back Joe\'s future self for assassination.','http://ia.media-imdb.com/images/M/MV5BMTY3NTY0MjEwNV5BMl5BanBnXkFtZTcwNTE3NDA1OA@@._V1_SX300.jpg',7.5,93,8.1,230,17,82,4),('tt1276105','Saint John of Las Vegas',2009,'85 min','Hue Rhodes','Steve Buscemi, Romany Malco, Sarah Silverman, Peter Dinklage','An ex-gambler is lured back into the game by a veteran insurance-fraud investigator.','http://ia.media-imdb.com/images/M/MV5BMTQ0NjMxMjk2NF5BMl5BanBnXkFtZTcwNzI5MDU4Mg@@._V1_SX300.jpg',5.8,23,4.3,12,40,27,2.8),('tt1276106','A Sister\'s Secret',2009,'86 min','Anthony Lefresne','Alexandra Paul, Cynthia Preston, Paul Whitney, Deborah Grover','After losing her twin brother to suicide, a woman blames her brothers ex-girlfriend and plans to take her revenge.','N/A',3.7,0,0,0,0,0,0),('tt1276107','Without a Paddle: Nature\'s Cal',2009,'96 min','Ellory Elkayem','Oliver James, Kristopher Turner, Rik Young, Madison Riley','Zach and Ben have been best buddies since they were in grade school. They were those \"two guys\" that we all know, opposites, but still the same kid. Their friendship continued through High ...','http://ia.media-imdb.com/images/M/MV5BMTk3OTA4MTQ2MV5BMl5BanBnXkFtZTcwNzQxNjMwMg@@._V1_SX300.jpg',4,0,0,0,2,12,2.5),('tt1276108','Blue Road',2009,'1 h 48 min','Oliver Cukor','Sarah Louise Lilley, Sean Matic','Long distance relationship culminates with a second chance at first love during cross country road trip.','http://ia.media-imdb.com/images/M/MV5BMTM3NjQwNTM4MV5BMl5BanBnXkFtZTcwNzE5ODY0Mg@@._V1_SX300.jpg',0,0,0,0,0,0,0),('tt1276109','Broken',2008,'7 min','Harry Buerkle','Brenda Marie Phillips, Nick Bennett, Timothy Cubbison, Philip Bache','N/A','N/A',0,0,0,0,0,0,0),('tt1276110','Charlie & Boots',2009,'101 min','Dean Murphy','Paul Hogan, Morgan Griffin, Alan Powell, Shane Jacobson','A father and son who travel from Victoria to Cape York to fulfill their lifelong ambition to fish off Australia\'s northern tip.','http://ia.media-imdb.com/images/M/MV5BMTY3MDE0MDU1MV5BMl5BanBnXkFtZTcwNDEwMTM3Mg@@._V1_SX300.jpg',6.5,58,5.4,7,5,67,3.6),('tt1276114','Faster, Pussycat Kill Kill',2009,'N/A','Quentin Tarantino','N/A','N/A','N/A',0,0,0,0,0,0,0),('tt1276117','Rock Prophecies',2009,'80 min','John Chester','Robert Knight, Jeff Beck, Slash, Carlos Santana','A documentary about rock \'n\' roll photographer Robert M. Knight and his mission to find the world\'s best new guitar player.','http://ia.media-imdb.com/images/M/MV5BMTc5MzUyMTIxOV5BMl5BanBnXkFtZTcwNjc5MzU1Mg@@._V1_SX300.jpg',7.2,0,0,0,0,87,4.1),('tt1276118','Spiritual Revolution',2008,'N/A','Alan Swyer','Ronald Alexander, Gurumatha Amma, Brother Atmananda, Mani Bhaumik','\"Spiritual Revolution\" is a look at Eastern Spirituality in the Western world, with particular emphasis on its points of convergence with Western science and psychotherapy. Of note is the ...','http://ia.media-imdb.com/images/M/MV5BMTU2NDMyNTA4Nl5BMl5BanBnXkFtZTcwNTM1MjY4Mw@@._V1_SX300.jpg',7.8,0,0,0,0,0,0),('tt1276121','Who Killed Chea Vichea?',2011,'56 min','Bradley Cox','Samnang Born, Vichea Chea, Eric Milano, Rainsy Sam','After the assassination of a Cambodian union leader, filmmaker Bradley Cox tracks down witnesses and unravels the police plot that framed two men.','N/A',8.2,0,0,0,0,0,4.5),('tt1276122','Episode dated 26 April 1976',1976,'30 min','N/A','Dick Clark, Adrienne Barbeau, Clifton Davis','N/A','N/A',0,0,0,0,0,0,0),('tt1276123','Episode dated 27 April 1976',1976,'30 min','N/A','Dick Clark, Adrienne Barbeau, Clifton Davis','N/A','N/A',0,0,0,0,0,0,0),('tt1276124','Episode dated 28 April 1976',1976,'30 min','N/A','Dick Clark, Adrienne Barbeau, Clifton Davis','N/A','N/A',0,0,0,0,0,0,0),('tt1276125','Episode dated 29 April 1976',1976,'30 min','N/A','Dick Clark, Adrienne Barbeau, Clifton Davis','N/A','N/A',0,0,0,0,0,0,0),('tt1276126','Episode dated 30 April 1976',1976,'30 min','N/A','Dick Clark, Adrienne Barbeau, Clifton Davis','N/A','N/A',0,0,0,0,0,0,0),('tt1276127','Episode dated 18 October 1976',1976,'30 min','N/A','Dick Clark, Adrienne Barbeau, Mike Farrell','N/A','N/A',0,0,0,0,0,0,0),('tt1276128','Episode dated 19 October 1976',1976,'30 min','N/A','Dick Clark, Adrienne Barbeau, Mike Farrell','N/A','N/A',0,0,0,0,0,0,0),('tt1276129','Episode dated 20 October 1976',1976,'30 min','N/A','Dick Clark, Adrienne Barbeau, Mike Farrell','N/A','N/A',0,0,0,0,0,0,0),('tt1276130','Episode dated 21 October 1976',1976,'30 min','N/A','Dick Clark, Adrienne Barbeau, Mike Farrell','N/A','N/A',0,0,0,0,0,0,0),('tt1276131','Episode dated 22 October 1976',1976,'30 min','N/A','Dick Clark, Adrienne Barbeau, Mike Farrell','N/A','N/A',0,0,0,0,0,0,0),('tt1276132','Episode dated 25 April 1977',1977,'30 min','N/A','Dick Clark, Adrienne Barbeau, Dick Cavett','N/A','N/A',0,0,0,0,0,0,0),('tt1276133','Episode dated 26 April 1977',1977,'30 min','N/A','Dick Clark, Adrienne Barbeau, Dick Cavett','N/A','N/A',0,0,0,0,0,0,0),('tt1276134','Episode dated 27 April 1977',1977,'30 min','N/A','Dick Clark, Adrienne Barbeau, Dick Cavett','N/A','N/A',0,0,0,0,0,0,0),('tt1276135','Episode dated 28 April 1977',1977,'30 min','N/A','Dick Clark, Adrienne Barbeau, Dick Cavett','N/A','N/A',0,0,0,0,0,0,0),('tt1276136','Episode dated 29 April 1977',1977,'30 min','N/A','Dick Clark, Adrienne Barbeau, Dick Cavett','N/A','N/A',0,0,0,0,0,0,0),('tt1276137','Episode dated 3 October 1977',1977,'30 min','N/A','Dick Clark, Adrienne Barbeau, George Maharis','N/A','N/A',0,0,0,0,0,0,0),('tt1276138','Episode dated 4 October 1977',1977,'30 min','N/A','Dick Clark, Adrienne Barbeau, George Maharis','N/A','N/A',0,0,0,0,0,0,0),('tt1276139','Episode dated 6 October 1977',1977,'30 min','N/A','Dick Clark, Adrienne Barbeau, George Maharis','N/A','N/A',0,0,0,0,0,0,0),('tt1276140','Episode dated 7 October 1977',1977,'30 min','N/A','Dick Clark, Adrienne Barbeau, George Maharis','N/A','N/A',0,0,0,0,0,0,0),('tt1276141','Episode dated 6 March 1978',1978,'30 min','N/A','Dick Clark, Adrienne Barbeau, Mike Farrell','N/A','N/A',0,0,0,0,0,0,0),('tt1276142','Episode dated 7 March 1978',1978,'30 min','N/A','Dick Clark, Adrienne Barbeau, Mike Farrell','N/A','N/A',0,0,0,0,0,0,0),('tt1276143','Episode dated 8 March 1978',1978,'30 min','N/A','Dick Clark, Adrienne Barbeau, Mike Farrell','N/A','N/A',0,0,0,0,0,0,0),('tt1276144','Episode dated 9 March 1978',1978,'30 min','N/A','Dick Clark, Adrienne Barbeau, Mike Farrell','N/A','N/A',0,0,0,0,0,0,0),('tt1276145','Episode dated 10 March 1978',1978,'30 min','N/A','Dick Clark, Adrienne Barbeau, Mike Farrell','N/A','N/A',0,0,0,0,0,0,0),('tt1276146','Episode dated 24 April 1978',1978,'30 min','N/A','Dick Clark, Adrienne Barbeau, Soupy Sales','N/A','N/A',0,0,0,0,0,0,0),('tt1276147','Episode dated 25 April 1978',1978,'30 min','N/A','Dick Clark, Adrienne Barbeau, Soupy Sales','N/A','N/A',0,0,0,0,0,0,0),('tt1276148','Episode dated 26 April 1978',1978,'30 min','N/A','Dick Clark, Adrienne Barbeau, Soupy Sales','N/A','N/A',0,0,0,0,0,0,0),('tt1276149','Episode dated 27 April 1978',1978,'30 min','N/A','Dick Clark, Adrienne Barbeau, Soupy Sales','N/A','N/A',0,0,0,0,0,0,0),('tt1276150','Episode dated 28 April 1978',1978,'30 min','N/A','Dick Clark, Adrienne Barbeau, Soupy Sales','N/A','N/A',0,0,0,0,0,0,0),('tt1276151','Architecture of Information: B',2008,'3 min','Jacob Swan Hyam','N/A','N/A','N/A',0,0,0,0,0,0,0),('tt1276152','Architecture of Information: I',2008,'3 min','Jacob Swan Hyam','N/A','N/A','N/A',0,0,0,0,0,0,0),('tt1276153','Architecture of Information: N',2008,'3 min','Jacob Swan Hyam','N/A','N/A','N/A',0,0,0,0,0,0,0),('tt1276154','Architecture of Information: N',2008,'3 min','Jacob Swan Hyam','N/A','N/A','N/A',0,0,0,0,0,0,0),('tt1276155','Episode dated 10 November 1986',1986,'N/A','N/A','Adrienne Barbeau, Steve Edwards','N/A','N/A',0,0,0,0,0,0,0),('tt1276156','Episode dated 11 November 1986',1986,'N/A','N/A','Adrienne Barbeau, Steve Edwards','N/A','N/A',0,0,0,0,0,0,0),('tt1276157','Episode dated 12 November 1986',1986,'N/A','N/A','Adrienne Barbeau, Steve Edwards','N/A','N/A',0,0,0,0,0,0,0),('tt1276158','Episode dated 13 November 1986',1986,'N/A','N/A','Adrienne Barbeau, Steve Edwards','N/A','N/A',0,0,0,0,0,0,0),('tt1276159','Episode dated 14 November 1986',1986,'N/A','N/A','Adrienne Barbeau, Steve Edwards','N/A','N/A',0,0,0,0,0,0,0),('tt1276160','T.I.: Whatever You Like',2008,'N/A','N/A','Reagan Gomez-Preston, Dave Meyers, T.I.','N/A','N/A',0,0,0,0,0,0,0),('tt1276161','Edge of Darkness',1956,'N/A','Charles Saunders','Wayne Morris, Elspet Gray, Hugh Latimer, Melissa Stribling','N/A','N/A',0,0,0,0,0,0,0),('tt1276162','Lady Killer',1956,'30 min','Charles Saunders','Wayne Morris, Mary Mackenzie, Derek Aylward, Ruth Trouncer','N/A','N/A',0,0,0,0,0,0,0),('tt1276163','Rich Girl',1956,'30 min','Charles Saunders','Wayne Morris, John Arnatt, Peter Davis, Ewan Roberts','N/A','N/A',0,0,0,0,0,0,0),('tt1276164','Say Hello',1956,'30 min','Alex Bryce','Wayne Morris, Mary Jones, Jonathan Bailey, Digby Wolfe','N/A','N/A',0,0,0,0,0,0,0),('tt1276165','Secret Enemy',1956,'30 min','Charles Saunders','Wayne Morris, Betty McDowall, Robert Raikes, Lloyd Lamble','N/A','N/A',0,0,0,0,0,0,0),('tt1276166','The Accomplice',1956,'30 min','Alex Bryce','Wayne Morris, Robert Raglan, Stanley Van Beers, Alison Leggatt','N/A','N/A',0,0,0,0,0,0,0),('tt1276167','The Door of Gold',1956,'30 min','Don Chaffey','Wayne Morris, Patrick Allen, Gene Anderson, Robert Arden','N/A','N/A',0,0,0,0,0,0,0),('tt1276168','The Frightened Angels',1956,'30 min','N/A','Wayne Morris','N/A','N/A',0,0,0,0,0,0,0),('tt1276169','The Gun Runners',1956,'30 min','Charles Saunders','Wayne Morris, Gene Anderson, Willoughby Goddard, Bill Nagy','N/A','N/A',0,0,0,0,0,0,0),('tt1276170','The Magenta Box',1956,'30 min','Charles Saunders','Wayne Morris, Sylvia Marriott, Gerald Cross, Brian Nissen','N/A','N/A',0,0,0,0,0,0,0),('tt1276171','The Runaways',1956,'30 min','Charles Saunders','Wayne Morris, Gillian Maude, George Street, Shirley Lawrence','N/A','N/A',0,0,0,0,0,0,0),('tt1276172','The Smugglers',1956,'30 min','Don Chaffey','Wayne Morris, Derek Aylward, Margaret Allworthy, Garry Thorne','N/A','N/A',0,0,0,0,0,0,0),('tt1276173','The Thief',1956,'30 min','Charles Saunders','Wayne Morris, Bruce Seton, Trevor Reid, Sylvia Marriott','N/A','N/A',0,0,0,0,0,0,0),('tt1276174','Un regalo inolvidable',2002,'35 min','Pepa Sánchez Biezma','Ángel Alcázar, Yolanda Arestegui, Carola Baleztena, Daniela Costa','N/A','N/A',0,0,0,0,0,0,0),('tt1276175','Episode dated 15 June 2005',2005,'60 min','N/A','Murilo Benício, Deborah Secco, Edson Celulari, Christiane Torloni','N/A','N/A',0,0,0,0,0,0,0),('tt1276176','Episode dated 16 June 2005',2005,'60 min','N/A','Murilo Benício, Deborah Secco, Edson Celulari, Christiane Torloni','N/A','N/A',0,0,0,0,0,0,0),('tt1276177','Episode dated 17 June 2005',2005,'60 min','N/A','Murilo Benício, Deborah Secco, Christiane Torloni, Mariana Ximenes','N/A','N/A',0,0,0,0,0,0,0),('tt1276178','Episode dated 18 June 2005',2005,'60 min','N/A','Murilo Benício, Deborah Secco, Christiane Torloni, Mariana Ximenes','N/A','N/A',0,0,0,0,0,0,0),('tt1276179','Episode dated 20 June 2005',2005,'60 min','N/A','Murilo Benício, Deborah Secco, Edson Celulari, Christiane Torloni','N/A','N/A',0,0,0,0,0,0,0),('tt1276180','Episode dated 21 June 2005',2005,'60 min','N/A','Murilo Benício, Deborah Secco, Christiane Torloni, Mariana Ximenes','N/A','N/A',0,0,0,0,0,0,0),('tt1276181','Episode dated 22 June 2005',2005,'60 min','N/A','Murilo Benício, Edson Celulari, Christiane Torloni, Floriano Peixoto','N/A','N/A',0,0,0,0,0,0,0),('tt1276182','Episode dated 23 June 2005',2005,'60 min','N/A','Murilo Benício, Deborah Secco, Edson Celulari, Christiane Torloni','N/A','N/A',0,0,0,0,0,0,0),('tt1276183','Episode dated 24 June 2005',2005,'60 min','N/A','Murilo Benício, Deborah Secco, Christiane Torloni, Mariana Ximenes','N/A','N/A',0,0,0,0,0,0,0),('tt1276184','Episode dated 25 June 2005',2005,'60 min','N/A','Murilo Benício, Deborah Secco, Christiane Torloni, Mariana Ximenes','N/A','N/A',0,0,0,0,0,0,0),('tt1276185','Episode dated 27 June 2005',2005,'60 min','N/A','Murilo Benício, Deborah Secco, Edson Celulari, Christiane Torloni','N/A','N/A',0,0,0,0,0,0,0),('tt1276186','Episode dated 28 June 2005',2005,'60 min','N/A','Murilo Benício, Deborah Secco, Edson Celulari, Mariana Ximenes','N/A','N/A',0,0,0,0,0,0,0),('tt1276187','Episode dated 29 June 2005',2005,'60 min','N/A','Murilo Benício, Deborah Secco, Edson Celulari, Christiane Torloni','N/A','N/A',0,0,0,0,0,0,0),('tt1276188','Atlantis: The Lost Civilizatio',1995,'45 min','N/A','Chris Lerude','N/A','http://ia.media-imdb.com/images/M/MV5BMjA5MTI4ODg5MF5BMl5BanBnXkFtZTcwOTkxODUyMQ@@._V1_SX300.jpg',0,0,0,0,0,0,0),('tt1276189','Mystical Monuments of Ancient ',1996,'N/A','N/A','N/A','N/A','http://ia.media-imdb.com/images/M/MV5BMjA5MTI4ODg5MF5BMl5BanBnXkFtZTcwOTkxODUyMQ@@._V1_SX300.jpg',0,0,0,0,0,0,0),('tt1276190','The Curse of the Hope Diamond',1997,'45 min','N/A','N/A','N/A','http://ia.media-imdb.com/images/M/MV5BMjA5MTI4ODg5MF5BMl5BanBnXkFtZTcwOTkxODUyMQ@@._V1_SX300.jpg',0,0,0,0,0,0,0),('tt1276191','The Hidden City of Petra',1995,'N/A','Steven Talley','Erika Schluntz Bannish, William G. Dever, Philip Hammond, Leonard Nimoy','Ancient Mysteries examines the ancient Nabatean city of Petra which was carved directly into the red-rock cliffs of the Jordanian mountains.','http://ia.media-imdb.com/images/M/MV5BMjA5MTI4ODg5MF5BMl5BanBnXkFtZTcwOTkxODUyMQ@@._V1_SX300.jpg',5.4,0,0,0,0,0,0),('tt1276192','The Shroud of Turin',1995,'45 min','N/A','N/A','N/A','http://ia.media-imdb.com/images/M/MV5BMjA5MTI4ODg5MF5BMl5BanBnXkFtZTcwOTkxODUyMQ@@._V1_SX300.jpg',0,0,0,0,0,0,0),('tt1276193','Batman: Part 2',2008,'N/A','James D. Rolfe','James D. Rolfe, Mike Matei','N/A','N/A',8.5,0,0,0,0,0,0),('tt1276194','Launch',2008,'N/A','N/A','Andrew Günsberg, James Mathison, Ricki-Lee Coulter, Ian Dickson','N/A','N/A',0,0,0,0,0,0,0),('tt1276195','Episode dated 13 August 2008',2008,'N/A','Nicholas Rich','Alexander Artemev, Donovan Bailey, Alain Bernard, James Blake','N/A','http://ia.media-imdb.com/images/M/MV5BMTI4Mjg2MzczOV5BMl5BanBnXkFtZTcwMDQ3ODA4MQ@@._V1_SX300.jpg',0,0,0,0,0,0,0),('tt1276196','Episode #1.8',2008,'43 min','N/A','Edson Celulari, Carolina Ferraz, Regiane Alves, Humberto Martins','N/A','N/A',0,0,0,0,0,0,0),('tt1276197','Episode #1.9',2008,'44 min','N/A','Edson Celulari, Carolina Ferraz, Regiane Alves, Humberto Martins','N/A','N/A',0,0,0,0,0,0,0),('tt1276198','Andy Gibb',2008,'60 min','N/A','Gary T. Carlin, Andy Gibb, Barry Gibb, Maurice Gibb','Pop star, Andy Gibb best known as the young brother of The Bee Gees. In 1977, Andy became a star with his hit single, \"I Just Want To Be Your Everything\". A year later, he topped two more ...','http://ia.media-imdb.com/images/M/MV5BMjE1NTAzOTExN15BMl5BanBnXkFtZTcwNjI4OTEyMQ@@._V1_SX300.jpg',7.8,0,0,0,0,0,0),('tt1276199','Episode #6.13',1983,'30 min','N/A','Terry Wogan, Judith Chalmers, Henry Cooper, Sabina Franklyn','N/A','N/A',0,0,0,0,0,0,0),('tt1276200','Episode #1.3',2008,'28 min','N/A','N/A','A Sharkwreck mystery Thirty miles off the coast of North Carolina there is a shipwreck on the bottom, 130 feet down. Swarming around the wreck are dozens of Sand Tiger sharks. They look ...','N/A',0,0,0,0,0,0,0),('tt1276201','Boardwalk Empire',2010,'72 min','Martin Scorsese','Steve Buscemi, Michael Pitt, Kelly Macdonald, Michael Shannon','January 1920. On the eve of Prohibition, Atlantic City\'s Treasurer, Nucky Thompson, condemns alcohol at a Women\'s Temperance League meeting, where he is noticed by Margaret Schroeder, a ...','http://ia.media-imdb.com/images/M/MV5BMTc0NTA0OTgwNV5BMl5BanBnXkFtZTcwNzIwMjAwMw@@._V1_SX300.jpg',8.6,0,0,0,0,0,0),('tt1276202','How to Handle Women',1956,'30 min','Norman Tokar','Robert Cummings, Ann B. Davis, Rosemary DeCamp, Hope Emerson','N/A','http://ia.media-imdb.com/images/M/MV5BMTMwOTk1NzQxN15BMl5BanBnXkFtZTcwNTQ5OTQxMQ@@._V1_SX300.jpg',0,0,0,0,0,0,0),('tt1276203','Episode dated 13 June 1983',1983,'N/A','N/A','Frank Bough, Selina Scott, Glynn Christian, Russell Grant','N/A','N/A',0,0,0,0,0,0,0),('tt1276204','Episode dated 20 June 1983',1983,'N/A','N/A','Frank Bough, Selina Scott, Glynn Christian, Russell Grant','N/A','N/A',0,0,0,0,0,0,0),('tt1345836','The Dark Knight Rises',2012,'165 min','Christopher Nolan','Christian Bale, Gary Oldman, Tom Hardy, Joseph Gordon-Levitt','When Bane, a former member of the League of Shadows, plans to continue the work of Ra\'s al Ghul, the Dark Knight is forced to return after an eight year absence to stop him.','http://ia.media-imdb.com/images/M/MV5BMTk4ODQzNDY3Ml5BMl5BanBnXkFtZTcwODA0NTM4Nw@@._V1_SX300.jpg',8.6,88,8,270,38,90,4.3),('tt1375666','Inception',2010,'148 min','Christopher Nolan','Leonardo DiCaprio, Joseph Gordon-Levitt, Ellen Page, Tom Hardy','A thief who steals corporate secrets through use of dream-sharing technology is given the inverse task of planting an idea into the mind of a CEO.','http://ia.media-imdb.com/images/M/MV5BMjAxMzY3NjcxNF5BMl5BanBnXkFtZTcwNTI5OTM0Mw@@._V1_SX300.jpg',8.8,86,8,249,39,91,4.2),('tt1587310','Maleficent',2014,'97 min','Robert Stromberg','Angelina Jolie, Elle Fanning, Sharlto Copley, Lesley Manville','A vengeful fairy is driven to curse an infant princess, only to discover that the child may be the one person who can restore peace to their troubled land.','http://ia.media-imdb.com/images/M/MV5BMTQ1NDk3NTk0MV5BMl5BanBnXkFtZTgwMTk3MDcxMzE@._V1_SX300.jpg',7.1,49,5.7,96,99,72,3.8),('tt1628040','Godzilla',2014,'123 min','Gareth Edwards','Aaron Taylor-Johnson, CJ Adams, Ken Watanabe, Bryan Cranston','The world\'s most famous monster is pitted against malevolent creatures who, bolstered by humanity\'s scientific arrogance, threaten our very existence.','http://ia.media-imdb.com/images/M/MV5BMTQ0ODgzNjg2MV5BMl5BanBnXkFtZTgwNDkxMzc3MDE@._V1_SX300.jpg',6.6,0,0,0,0,0,0),('tt1790864','The Maze Runner',2014,'113 min','Wes Ball','Dylan O\'Brien, Aml Ameen, Ki Hong Lee, Blake Cooper','Thomas is deposited in a community of boys after his memory is erased, soon learning they\'re all trapped in a maze that will require him to join forces with fellow \"runners\" for a shot at escape.','http://ia.media-imdb.com/images/M/MV5BMjUyNTA3MTAyM15BMl5BanBnXkFtZTgwOTEyMTkyMjE@._V1_SX300.jpg',7.3,63,5.9,89,53,74,3.8),('tt1872194','The Judge',2014,'141 min','David Dobkin','Robert Downey Jr., Robert Duvall, Vera Farmiga, Billy Bob Thornton','Big city lawyer Hank Palmer returns to his childhood home where his father, the town\'s judge, is suspected of murder. Hank sets out to discover the truth and, along the way, reconnects with his estranged family.','http://ia.media-imdb.com/images/M/MV5BMTcyNzIxOTIwMV5BMl5BanBnXkFtZTgwMzE0NjQwMjE@._V1_SX300.jpg',7.6,46,5.5,79,91,76,3.9),('tt1877832','X-Men: Days of Future Past',2014,'131 min','Bryan Singer','Hugh Jackman, James McAvoy, Michael Fassbender, Jennifer Lawrence','The X-Men send Wolverine to the past in a desperate effort to change history and prevent an event that results in doom for both humans and mutants.','http://ia.media-imdb.com/images/M/MV5BMjEwMDk2NzY4MF5BMl5BanBnXkFtZTgwNTY2OTcwMDE@._V1_SX300.jpg',8.2,92,7.6,217,20,92,4.3),('tt1951264','The Hunger Games: Catching Fir',2013,'146 min','Francis Lawrence','Jennifer Lawrence, Liam Hemsworth, Jack Quaid, Taylor St. Clair','Katniss Everdeen and Peeta Mellark become targets of the Capitol after their victory in the 74th Hunger Games sparks a rebellion in the Districts of Panem.','http://ia.media-imdb.com/images/M/MV5BMTAyMjQ3OTAxMzNeQTJeQWpwZ15BbWU4MDU0NzA1MzAx._V1_SX300.jpg',7.7,89,7.5,218,27,90,4.3),('tt1951265','The Hunger Games: Mockingjay -',2014,'123 min','Francis Lawrence','Jennifer Lawrence, Josh Hutcherson, Liam Hemsworth, Woody Harrelson','When Katniss destroys the games, she goes to District 13 after District 12 is destroyed. She meets President Coin who convinces her to be the symbol of rebellion, while trying to save Peeta from the Capitol.','http://ia.media-imdb.com/images/M/MV5BMTcxNDI2NDAzNl5BMl5BanBnXkFtZTgwODM3MTc2MjE@._V1_SX300.jpg',7.3,66,6.3,140,72,77,3.9),('tt1959490','Noah',2014,'138 min','Darren Aronofsky','Russell Crowe, Jennifer Connelly, Ray Winstone, Anthony Hopkins','A man is chosen by his world\'s creator to undertake a momentous mission before an apocalyptic flood cleanses the world.','http://ia.media-imdb.com/images/M/MV5BNDE1MTkzNzc0MF5BMl5BanBnXkFtZTgwMjYxNDEyMjE@._V1_SX300.jpg',6,77,6.6,164,50,43,2.9),('tt2015381','Guardians of the Galaxy',2014,'121 min','James Gunn','Chris Pratt, Zoe Saldana, Dave Bautista, Vin Diesel','A group of space criminals must work together to stop the fanatical villain Ronan the Accuser from destroying the galaxy.','http://ia.media-imdb.com/images/M/MV5BMTAwMjU5OTgxNjZeQTJeQWpwZ15BbWU4MDUxNDYxODEx._V1_SX300.jpg',8.4,90,7.7,226,24,94,4.5),('tt2024544','12 Years a Slave',2013,'134 min','Steve McQueen','Chiwetel Ejiofor, Dwight Henry, Dickie Gravois, Bryan Batt','In the antebellum United States, Solomon Northup, a free black man from upstate New York, is abducted and sold into slavery.','http://ia.media-imdb.com/images/M/MV5BMjExMTEzODkyN15BMl5BanBnXkFtZTcwNTU4NTc4OQ@@._V1_SX300.jpg',8.2,0,0,0,0,0,0),('tt2084970','The Imitation Game',2014,'114 min','Morten Tyldum','Benedict Cumberbatch, Keira Knightley, Matthew Goode, Rory Kinnear','English mathematician and logician, Alan Turing, helps crack the Enigma code during World War II.','http://ia.media-imdb.com/images/M/MV5BNDkwNTEyMzkzNl5BMl5BanBnXkFtZTgwNTAwNzk3MjE@._V1_SX300.jpg',8.4,85,7.4,94,16,94,4.3),('tt2140383','Sex Tape',2014,'94 min','Jake Kasdan','Cameron Diaz, Jason Segel, Rob Corddry, Ellie Kemper','A married couple wake up to discover that the sex tape they made the evening before has gone missing, leading to a frantic search for its whereabouts.','http://ia.media-imdb.com/images/M/MV5BNDYzMzg5OTA0Ml5BMl5BanBnXkFtZTgwNjQzNzExMjE@._V1_SX300.jpg',5.1,0,0,0,0,0,0),('tt2170439','Horrible Bosses 2',2014,'108 min','Sean Anders','Jennifer Aniston, Chris Pine, Christoph Waltz, Kevin Spacey','Dale, Kurt and Nick decide to start their own business but things don\'t go as planned because of a slick investor, prompting the trio to pull off a harebrained and misguided kidnapping scheme.','http://ia.media-imdb.com/images/M/MV5BNzU4OTEzNzAwN15BMl5BanBnXkFtZTgwMTgwODAwMzE@._V1_SX300.jpg',0,35,4.8,33,62,66,3.6),('tt2190984','Exodus: Gods and Kings',2014,'150 min','Ridley Scott','Christian Bale, Joel Edgerton, Aaron Paul, Sigourney Weaver','The defiant leader Moses rises up against the Egyptian Pharaoh Ramses, setting 600,000 slaves on a monumental journey of escape from Egypt and its terrifying cycle of deadly plagues.','http://ia.media-imdb.com/images/M/MV5BMjI3MDY0NjkxNl5BMl5BanBnXkFtZTgwNTM3NTA0MzE@._V1_SX300.jpg',8.8,0,0,0,0,0,0),('tt2193215','The Counselor',2013,'117 min','Ridley Scott','Michael Fassbender, Penélope Cruz, Cameron Diaz, Javier Bardem','A lawyer finds himself in over his head when he gets involved in drug trafficking.','http://ia.media-imdb.com/images/M/MV5BMTc3ODk0MTY0N15BMl5BanBnXkFtZTgwOTU2MTEzMDE@._V1_SX300.jpg',5.4,34,4.9,66,128,23,2.4),('tt2209764','Transcendence',2014,'119 min','Wally Pfister','Johnny Depp, Rebecca Hall, Paul Bettany, Cillian Murphy','A scientist\'s drive for artificial intelligence, takes on dangerous implications when his consciousness is uploaded into one such program.','http://ia.media-imdb.com/images/M/MV5BMTc1MjQ3ODAyOV5BMl5BanBnXkFtZTgwNjI1NDQ0MTE@._V1_SX300.jpg',6.3,19,4.6,36,157,38,3),('tt2245084','Big Hero 6',2014,'108 min','Don Hall, Chris Williams','Scott Adsit, Ryan Potter, Daniel Henney, T.J. Miller','The special bond that develops between plus-sized inflatable robot Baymax, and prodigy Hiro Hamada, who team up with a group of friends to form a band of high-tech heroes.','http://ia.media-imdb.com/images/M/MV5BMjI4MTIzODU2NV5BMl5BanBnXkFtZTgwMjE0NDAwMjE@._V1_SX300.jpg',8.5,89,7.4,118,15,94,4.4),('tt2294629','Frozen',2013,'102 min','Chris Buck, Jennifer Lee','Kristen Bell, Idina Menzel, Jonathan Groff, Josh Gad','When a princess with the power to turn things into ice curses her home in infinite winter, her sister, Anna teams up with a mountain man, his playful reindeer, and a snowman to change the weather condition.','http://ia.media-imdb.com/images/M/MV5BMTQ1MjQwMTE5OF5BMl5BanBnXkFtZTgwNjk3MTcyMDE@._V1_SX300.jpg',7.7,89,7.7,168,21,87,4.3),('tt2372162','Orange Is the New Black',2013,'55 min','N/A','Taylor Schilling, Michael Harney, Kate Mulgrew, Natasha Lyonne','The story of Piper Chapman, a woman in her thirties who is sentenced to fifteen months in prison after being convicted of a decade-old crime of transporting money for her drug-dealing girlfriend.','http://ia.media-imdb.com/images/M/MV5BMjA1ODMzNDM5Ml5BMl5BanBnXkFtZTgwNDU0NjQ5MTE@._V1_SX300.jpg',8.5,0,0,0,0,0,0),('tt2713180','Fury',2014,'134 min','David Ayer','Brad Pitt, Shia LaBeouf, Logan Lerman, Michael Peña','April, 1945. As the Allies make their final push in the European Theatre, a battle-hardened army sergeant named Wardaddy commands a Sherman tank and his five-man crew on a deadly mission behind enemy lines. Out-numbered, out-gunned, and with a rookie soldier thrust into their platoon, Wardaddy and his men face overwhelming odds in their heroic attempts to strike at the heart of Nazi Germany.','http://ia.media-imdb.com/images/M/MV5BMjA4MDU0NTUyN15BMl5BanBnXkFtZTgwMzQxMzY4MjE@._V1_SX300.jpg',8,78,7,161,45,88,4.1),('tt2872732','Lucy',2014,'89 min','Luc Besson','Scarlett Johansson, Morgan Freeman, Min-sik Choi, Amr Waked','A woman, accidentally caught in a dark deal, turns the tables on her captors and transforms into a merciless warrior evolved beyond human logic.','http://ia.media-imdb.com/images/M/MV5BODcxMzY3ODY1NF5BMl5BanBnXkFtZTgwNzg1NDY4MTE@._V1_SX300.jpg',6.5,66,6.1,128,66,48,3.2),('tt3024352','Moneyball',2010,'N/A','N/A','N/A','N/A','http://ia.media-imdb.com/images/M/MV5BMTgyMTcyNDE1OF5BMl5BanBnXkFtZTgwODQ2Njk3MDE@._V1_SX300.jpg',0,0,0,0,0,0,0);
/*!40000 ALTER TABLE `MOVIE` ENABLE KEYS */;
UNLOCK TABLES;
/*!40103 SET TIME_ZONE=@OLD_TIME_ZONE */;

/*!40101 SET SQL_MODE=@OLD_SQL_MODE */;
/*!40014 SET FOREIGN_KEY_CHECKS=@OLD_FOREIGN_KEY_CHECKS */;
/*!40014 SET UNIQUE_CHECKS=@OLD_UNIQUE_CHECKS */;
/*!40101 SET CHARACTER_SET_CLIENT=@OLD_CHARACTER_SET_CLIENT */;
/*!40101 SET CHARACTER_SET_RESULTS=@OLD_CHARACTER_SET_RESULTS */;
/*!40101 SET COLLATION_CONNECTION=@OLD_COLLATION_CONNECTION */;
/*!40111 SET SQL_NOTES=@OLD_SQL_NOTES */;

-- Dump completed on 2014-12-07 18:23:12
